date,tavg,tmin,tmax,prcp,snow,wdir,wspd,wpgt,pres,tsun
2016-01-01,2.9,1.5,3.9,0,0,27,7.2,27.4,1024.8,0
2016-01-02,0.5,0,1.5,4.6,0,89,10.4,28.4,1015.6,0
2016-01-03,0.2,-2.2,1.4,5.1,0,71,7.9,27.7,1008.2,0
2016-01-04,1.4,-2.6,5.7,2.8,40,181,14,37.1,994.5,72
2016-01-05,2.6,-1.1,6.8,0.9,0,174,12.2,42.1,996.6,186
2016-01-06,2.6,-0.4,5.9,1.7,0,174,9,34.2,1000.4,18
2016-01-07,3.5,2,5.8,4.4,0,172,11.5,33.1,999.7,138
2016-01-08,3.9,1.9,7,3.6,0,189,10.4,26.3,1005.7,192
2016-01-09,4.9,1.8,6.9,1,0,132,5.4,13.7,1003.2,0
2016-01-10,4,-0.2,6.5,15.5,0,160,10.4,37.4,999.3,0
2016-01-11,4.9,2.7,6.7,7.3,0,196,19.8,70.9,992.9,12
2016-01-12,4.3,2.1,5.8,0.1,0,232,28.8,57.6,999.4,30
2016-01-13,2.4,0.5,3.7,1,0,235,30.6,66.6,1012.7,6
2016-01-14,0.8,-2.5,3.7,0.6,0,173,12.2,34.6,1011.8,324
2016-01-15,0,-1,1.8,0.5,10,230,25.9,56.5,1010.1,0
2016-01-16,-0.7,-1.5,0,0.2,60,264,14,45.7,1019,18
2016-01-17,-2.8,-8.7,-1.1,1,60,271,15.5,39.2,1021.7,90
2016-01-18,-7.5,-13.3,-3.5,0,60,68,9,22.7,1021.2,354
2016-01-19,-5.9,-7.6,-3.2,0,50,83,6.1,15.1,1016.3,6
2016-01-20,-6.5,-13.5,-0.2,0.2,40,62,3.2,14.4,1019.4,408
2016-01-21,-3.8,-12.3,2,0,50,68,6.1,19.8,1026.3,48
2016-01-22,-8.2,-14.4,-6,1.2,50,121,6.8,14.4,1031.4,0
2016-01-23,0.1,-8.6,4,0.5,50,196,10.4,34.6,1033.1,0
2016-01-24,-0.2,-4.9,3.5,0.2,0,157,4.3,13.7,1034.7,6
2016-01-25,4.4,-0.5,11.1,0,0,150,5,16.6,1029.8,246
2016-01-26,5.7,-1.1,13.8,0,0,160,8.3,29.2,1027.3,366
2016-01-27,8.3,0.9,13.7,0,0,185,12.2,45.4,1022.7,84
2016-01-28,8.8,5.7,12.1,6.4,0,236,13,37.8,1023.1,18
2016-01-29,6.3,2.7,10.5,0,0,243,11.5,36,1028.4,306
2016-01-30,6.4,1.6,10.7,4.7,0,219,22.7,78.1,1018.5,270
2016-01-31,3.8,1.4,10.4,9.2,0,214,17.3,45,1014.3,0
2016-02-01,11.1,6.3,14,0,0,242,29.9,64.4,1019.4,42
2016-02-02,8.7,6.5,11.4,0.6,0,233,22.7,56.5,1019.4,162
2016-02-03,3.4,0.6,9.4,5.8,0,242,17.6,56.9,1019.2,0
2016-02-04,2,0.5,4,6.4,0,235,25.2,58.7,1024.3,42
2016-02-05,3.6,-0.7,7.5,0.1,0,225,10.1,37.8,1026.5,30
2016-02-06,3.9,-2,13.3,0,0,137,7.6,19.4,1017.4,402
2016-02-07,3,-3.2,7.3,0.4,0,215,8.6,34.2,1007.4,48
2016-02-08,7.1,3.1,12.7,3.2,0,203,24.5,85,1006.1,102
2016-02-09,7.8,3.7,11.8,1,0,195,20.2,81.7,998.1,0
2016-02-10,2.7,0.4,4.8,0.7,0,240,25.2,58.7,998.1,132
2016-02-11,1.6,-3.5,5.6,0,0,224,18,43.9,1006.5,6
2016-02-12,1.7,-1.4,5.8,0.5,0,116,10.4,37.1,1000.5,408
2016-02-13,4.3,1.3,7.9,1.8,0,178,12.2,48.6,991.2,42
2016-02-14,5.7,2.8,9.4,2.5,0,216,16.2,64.8,990.1,60
2016-02-15,3.4,0.9,5.8,0.1,0,272,9.4,24.8,1009.6,18
2016-02-16,2,-0.1,3.8,0,0,10,15.5,34.2,1028.7,6
2016-02-17,0.6,-1.1,1.4,0.3,0,359,12.2,34.9,1018.8,0
2016-02-18,2.3,-1.2,6.3,0,0,138,10.4,27.7,1016.1,276
2016-02-19,1.4,-0.8,3.7,0,0,222,13,36.4,1020.3,0
2016-02-20,2.4,-1.8,7.7,3.3,0,210,25.9,75.2,1020.5,0
2016-02-21,10.8,7.6,14.4,0,0,236,29.9,67.7,1015.3,48
2016-02-22,11.7,6.1,16.3,0,0,234,19.1,54.4,1010.2,402
2016-02-23,5.4,0.2,10.1,7.6,0,248,21.6,51.5,1010.9,0
2016-02-24,1.6,-0.5,4.8,2,0,233,9.7,21.2,1016.8,126
2016-02-25,0.8,-0.1,2.4,1,10,350,7.2,16.2,1011.8,0
2016-02-26,0,-4.5,4.2,0,0,82,9.7,31,1011.8,396
2016-02-27,0.4,-4.3,6.2,0,0,41,9.7,23,1005.8,468
2016-02-28,1.6,-1.3,5.4,0,0,20,14.4,37.8,1008.1,0
2016-02-29,2.1,-1.4,5,12.7,0,347,18,34.2,1010.8,0
2016-03-01,0,-1.6,2.2,1.3,70,247,14.8,35.6,1018.9,6
2016-03-02,3.4,0.8,7.7,6.5,10,221,20.2,56.9,1005.7,0
2016-03-03,2.1,0.4,4.5,0,0,220,14,30.6,1003.1,6
2016-03-04,3.3,-0.8,6.9,0,0,150,13,35.6,1002.2,330
2016-03-05,2.5,-0.8,6.8,7.3,0,258,8.3,26.6,995.5,24
2016-03-06,2.1,-1.5,5.3,0,0,222,17.6,44.3,1001.2,90
2016-03-07,1.1,-2.2,4.7,0.5,0,199,8.3,25.9,1004.4,216
2016-03-08,-0.3,-4.8,5.4,0,0,316,7.2,26.6,1013.5,414
2016-03-09,-1.9,-6.4,3.6,0,0,51,7.2,30.2,1010.9,150
2016-03-10,0.8,-6.1,8.3,0,0,33,5.4,23,1015.1,408
2016-03-11,2.1,-5.4,7.5,0,0,29,11.2,33.8,1022.6,282
2016-03-12,4.4,2.2,7.1,0,0,30,14,32.8,1024.9,12
2016-03-13,3.9,1.4,7.2,0,0,45,21.6,43.6,1027,42
2016-03-14,2.4,-3.4,8,0,0,54,18,41.8,1027.3,354
2016-03-15,-0.4,-3.9,1.1,4.6,0,345,8.3,27.7,1023,0
2016-03-16,2,-1.3,6.8,0,0,63,23.8,56.9,1022.7,444
2016-03-17,3.1,-3.4,11.1,0,0,31,7.6,22.7,1023.9,642
2016-03-18,4,-4.1,13.3,0,0,93,5.8,23.8,1019.1,636
2016-03-19,3.3,-3.5,8.7,0,0,348,10.8,29.2,1018.5,618
2016-03-20,4.4,1.1,9.4,0,0,323,9.4,27,1017.1,366
2016-03-21,4.6,-0.5,9.2,0,0,326,6.8,28.1,1016.5,210
2016-03-22,5.1,2.3,8.5,0.1,0,304,7.6,28.4,1011.8,120
2016-03-23,4.7,2,8.2,0.5,0,333,7.9,25.2,1007.9,36
2016-03-24,4.6,1.9,7.9,0,0,282,8.6,29.5,1013.6,36
2016-03-25,4.9,2.8,7.4,8.6,0,205,14.8,44.6,1014.7,0
2016-03-26,7.1,2.9,12.4,0,0,221,10.1,33.1,1018,342
2016-03-27,6.5,-0.6,13.6,1.3,0,,10.1,37.1,1012.8,216
2016-03-28,8.2,-0.1,14.3,1.3,0,179,14,45.7,1007.7,372
2016-03-29,9.2,4,14,0.7,0,243,19.1,68.8,1010.8,552
2016-03-30,10.1,6.5,14.4,2.2,0,196,11.2,33.5,1011.8,12
2016-03-31,11.4,3,18.8,0,0,60,6.8,21.2,1007,264
2016-04-01,6.9,4.9,8.8,0,0,359,11.5,31.7,1014.8,0
2016-04-02,8.9,4.3,15.4,0,0,72,10.4,27,1016.1,174
2016-04-03,11.2,2.8,20.1,0,0,17,6.5,23,1010.6,372
2016-04-04,13.1,7.1,20,0,0,43,8.6,25.2,1006.2,480
2016-04-05,11.9,3.5,18,1.5,0,317,9.4,39.6,1006.2,282
2016-04-06,10.6,5.8,15.1,0,0,235,13.7,33.5,1012.2,198
2016-04-07,7.5,3.5,10.9,0.9,0,202,9.7,35.3,1011.3,102
2016-04-08,6.5,4,9,0,0,138,6.5,20.9,1010.5,0
2016-04-09,7.1,4.7,10.5,0.5,0,193,5,20.9,1007.3,0
2016-04-10,8.4,2.6,13.2,0,0,108,8.3,26.6,1010.3,102
2016-04-11,8.7,1.5,16.1,0,0,58,9.7,33.8,1010.4,726
2016-04-12,10,3.7,16.7,7.4,0,96,8.6,37.4,1010,384
2016-04-13,10.1,6.2,17.3,2.1,0,234,9.7,56.9,1007.3,318
2016-04-14,8.6,2.8,14.1,0.2,,249,11.5,28.1,1011.4,168
2016-04-15,8.1,1.8,11.7,9.5,0,179,11.2,45.4,1008.4,12
2016-04-16,11.6,7.7,17.8,1.9,0,192,13.3,60.5,1004.8,216
2016-04-17,8.7,5.7,12.1,8.6,0,304,11.9,33.5,1008.9,0
2016-04-18,7.4,4.9,9.7,0,0,1,9,24.1,1018.5,6
2016-04-19,7.7,1.4,12.4,0,0,289,9.4,28.4,1024.3,336
2016-04-20,7.8,2,14.1,0,0,36,7.6,22.3,1026.6,744
2016-04-21,9.1,0.5,18.4,0,0,43,7.2,26.3,1020.9,738
2016-04-22,11.4,1,19,0,0,51,7.2,28.1,1013.6,606
2016-04-23,8.8,2.3,14.1,3.6,,320,11.9,41.4,1007.3,30
2016-04-24,3,-1.2,7.6,0.2,0,294,11.9,40,1011.9,186
2016-04-25,2.9,-0.2,6.8,0,0,252,18,47.2,1010.8,186
2016-04-26,3,0.2,7,8.7,0,220,17.6,59,1004.2,0
2016-04-27,2.9,-1.7,7.4,0.2,0,229,20.2,68.8,1010,384
2016-04-28,3.1,-2,9.6,0.5,0,215,10.8,48.6,1015.5,444
2016-04-29,7,-2.8,15.6,0,0,128,6.1,20.5,1016.7,738
2016-04-30,10.7,-0.3,18.5,0,0,97,9.7,31.3,1012.7,594
2016-05-01,9.7,6,14,2,0,22,10.8,41,1014.7,72
2016-05-02,10.6,3.9,17.4,0,0,358,8.3,33.5,1019.1,714
2016-05-03,9.9,4.6,17,1,,260,14.4,55.1,1018.6,342
2016-05-04,8.4,1.7,14,0,,324,10.4,30.2,1025.4,660
2016-05-05,9.6,1.7,16,0,,69,15.8,43.6,1022,690
2016-05-06,14,3.3,21.2,0,,90,10.8,35.3,1014.3,816
2016-05-07,15.6,5,22.6,0,,80,12.6,43.9,1010,822
2016-05-08,16.2,6.7,22.7,0,,71,17.6,43.9,1009.9,822
2016-05-09,16.9,7.7,23.6,0,,74,12.6,37.8,1010.7,756
2016-05-10,15.2,9.2,19.8,0,,77,9,25.9,1008.7,84
2016-05-11,15.7,6.8,20.8,0,,80,16.2,41.8,1002.2,270
2016-05-12,11.7,9.2,14.6,23.1,,179,12.2,37.1,996.5,36
2016-05-13,11.3,9.2,16.4,30.7,,247,11.5,31,998,12
2016-05-14,11,4.8,15.4,6.6,,280,12.2,43.9,1006.6,60
2016-05-15,7.1,4.4,10.6,0,,279,14.4,40.7,1017.7,132
2016-05-16,6.4,4.5,10.5,5.1,,247,15.1,44.6,1019.3,30
2016-05-17,8.2,2.9,13.3,0,,241,7.9,28.4,1018.2,222
2016-05-18,12,3.2,18.2,3,,90,8.6,39.2,1011.6,570
2016-05-19,10.5,9,12.3,14.4,,221,10.8,37.8,1011.5,12
2016-05-20,12.3,7.6,18.3,0,,230,9.7,25.9,1019.2,522
2016-05-21,15.8,6.5,23,0,,126,7.2,22.7,1016.5,786
2016-05-22,18.6,8,28,4.5,,,4.3,,1008.8,660
2016-05-23,10.2,8,14.2,18,,,,,,6
2016-05-24,9.7,8.2,10.8,3.5,,,,,1012.5,0
2016-05-25,12.2,9.4,17,1,,350,5.8,18.7,1013.5,198
2016-05-26,16.5,8.4,23.3,0,,43,4.7,18.7,1013.6,702
2016-05-27,17.8,12,24,0.4,,320,5.4,24.8,1012.1,306
2016-05-28,17.8,11.5,24.5,26.7,,118,7.2,24.1,1010.1,504
2016-05-29,17.3,13.2,22.8,14.3,,349,11.2,66.2,1003.3,270
2016-05-30,15.8,11.7,20.3,0,,215,19.1,46.4,1005,252
2016-05-31,14.8,9.5,18,5.9,,169,8.6,24.5,1009.9,168
2016-06-01,15.3,12.5,19.8,0.7,,271,12.2,33.1,1011.2,264
2016-06-02,14,10.2,17.9,10.2,,170,7.2,24.5,1009.7,6
2016-06-03,14.5,9.7,20,0.3,,65,6.1,22.3,1009.2,168
2016-06-04,16.2,12.4,21.2,0.2,,167,6.8,20.9,1010.6,144
2016-06-05,15.7,11.2,20.7,7.3,,135,6.8,20.9,1014.6,114
2016-06-06,17.5,9.6,24.6,0,,65,7.9,30.2,1017.3,600
2016-06-07,18.8,9.4,26.3,21.6,,46,6.1,26.3,1018.4,720
2016-06-08,16.2,13.7,20.1,25.9,,219,7.6,34.2,1016.7,36
2016-06-09,14.6,9.3,18.7,0.1,,306,9.7,24.1,1014.4,276
2016-06-10,15.5,8.8,21.6,0.2,,27,6.5,28.8,1011,786
2016-06-11,14.5,11.7,18.2,3.6,,227,5.8,21.2,1009.5,108
2016-06-12,15.1,12,20.1,7.1,,217,15.5,54.4,1008.1,108
2016-06-13,14.8,12.5,18.6,0.6,,226,15.8,42.5,1003.3,120
2016-06-14,14.6,11.6,19.9,2,,226,11.5,44.6,1001.1,228
2016-06-15,15.5,10.8,20.4,0.2,,225,13,45,1001.3,546
2016-06-16,14.7,11.7,19,15.4,,170,11.5,32.4,1001.7,108
2016-06-17,13,8.5,18.7,1.6,,226,19.1,58,1008.9,408
2016-06-18,15.1,8.8,21.3,0.3,,239,10.4,28.8,1016.2,510
2016-06-19,13.7,11.8,17.3,0.4,,255,8.3,24.5,1020.8,24
2016-06-20,15.7,8.3,22.1,0.3,,280,6.1,20.9,1020,630
2016-06-21,18,13.9,23,0,,227,10.1,32,1020.3,108
2016-06-22,20.9,15,27.5,0,,66,6.1,17.3,1021.7,648
2016-06-23,23.3,15.1,30.6,0,,93,9.4,32.4,1018.6,894
2016-06-24,23.5,13,31.5,0,,17,6.8,35.6,1014.2,876
2016-06-25,20.7,14.3,27.7,5.9,,265,10.4,58.7,1011.7,480
2016-06-26,15.7,13.9,18.7,0.3,,323,7.2,26.3,1017.4,0
2016-06-27,16.9,10.7,21.7,0,,287,9.7,32.8,1018.9,552
2016-06-28,18.7,13.8,25.1,0,,96,5,25.9,1015.7,390
2016-06-29,19.8,13.8,24.4,4.3,,171,9.7,34.2,1012.5,438
2016-06-30,17.9,14.4,23.7,23.4,,195,9.7,63.7,1014.1,204
2016-07-01,20.6,13.1,26.8,0,,197,7.9,31,1014.8,828
2016-07-02,17,10.7,21.4,2.4,,233,10.4,48.6,1015.2,120
2016-07-03,14.7,8.8,19.3,0,,228,8.3,27,1020.6,126
2016-07-04,18,13.3,23.6,0,,86,6.1,18.4,1019,654
2016-07-05,18.6,10.8,25.5,0,,246,11.5,37.8,1014.8,696
2016-07-06,16.6,10.2,20.6,0,,285,12.2,37.4,1018.4,570
2016-07-07,16.6,8.2,23.2,0,,31,5.4,27.4,1019.4,858
2016-07-08,19.5,8.9,27.7,0,,138,8.3,37.4,1016,750
2016-07-09,21,13.9,26.3,0,,268,10.1,32.8,1017.4,552
2016-07-10,22.2,12.4,31.1,0,,99,6.5,20.5,1012.8,864
2016-07-11,23.5,18,30.3,32.3,,203,10.8,42.5,1010.4,504
2016-07-12,17.2,15.4,20.3,14.7,,275,7.2,38.2,1012.6,6
2016-07-13,14.6,11.5,19.3,15.6,,230,12.6,38.2,1013.1,66
2016-07-14,12.7,10.1,17.4,1.3,,264,16.9,37.4,1016.7,144
2016-07-15,12.3,6.5,16.9,0,,282,10.8,31.3,1024,492
2016-07-16,14.6,6.5,20.9,0,,253,6.8,24.1,1024.1,510
2016-07-17,19.1,13.7,24.6,0,,244,7.9,30.2,1020.3,432
2016-07-18,20.5,14.5,26.3,0,,7,6.5,27.7,1019.5,732
2016-07-19,21.1,13.4,28,0,,49,5,18,1018.7,858
2016-07-20,22.5,12.6,30.6,3.4,,102,5.4,20.5,1014.8,858
2016-07-21,20.4,14.6,25.6,2.6,,235,10.1,44.6,1013.9,378
2016-07-22,19.9,12.9,25.4,0,,88,7.6,33.1,1013.8,474
2016-07-23,20.1,16,24.8,3.8,,264,7.9,25.9,1015,258
2016-07-24,20.8,14.6,27.4,0,,255,5.4,23.4,1016.5,648
2016-07-25,20,14.9,25.9,1.8,,194,6.8,25.6,1016.7,348
2016-07-26,20.1,14.4,26.4,0,,162,7.6,40,1017,486
2016-07-27,19.9,15.1,25.6,0.1,,240,9.7,31,1015.3,390
2016-07-28,19.1,13.7,24.9,0,,178,5.8,32,1015.4,414
2016-07-29,19.9,15.1,25.8,0,,232,10.4,33.5,1013.7,408
2016-07-30,21.1,13.2,28.7,3.6,,170,8.3,36.7,1012,684
2016-07-31,18.5,15.7,22.1,6.6,,190,9.7,49,1012,60
2016-08-01,16.5,10.4,22.1,0,,302,7.6,27.7,1017.9,708
2016-08-02,17,10.4,21.5,0,,214,12.6,34.6,1017,18
2016-08-03,19.7,12.3,26.6,0,,215,11.2,37.1,1014.1,462
2016-08-04,20.8,12.2,29.4,23.7,,147,10.4,56.9,1010.7,684
2016-08-05,14.6,11.6,17.7,19.2,,257,11.2,33.5,1017,6
2016-08-06,15.8,10.4,21.1,0,,250,7.2,26.3,1024.7,342
2016-08-07,16.8,8.9,24.4,0,,105,4.7,18.4,1026,786
2016-08-08,19.4,10.2,27.6,1.1,,181,8.3,29.2,1019.1,696
2016-08-09,15.1,9.8,17.6,0.7,,259,8.3,34.2,1018.8,12
2016-08-10,12.9,8.8,18.1,4.5,,276,9.4,37.8,1018.6,204
2016-08-11,13.3,9.8,18.4,2.9,,296,6.1,22.7,1022.3,522
2016-08-12,13.9,11,16.7,0.4,,221,13.3,38.9,1024.6,0
2016-08-13,18.4,10.5,26.1,0,,175,5.8,19.4,1022.4,792
2016-08-14,19.7,11.7,27,0,,176,5.8,22,1020,666
2016-08-15,19.5,13.7,25.9,0,,7,6.5,25.2,1018.5,666
2016-08-16,19,11.1,26.5,0,,344,5,19.8,1013.9,714
2016-08-17,17,10.8,23.9,0,,339,5.8,18.7,1011.1,480
2016-08-18,17,10.7,23.6,0.2,,209,9.7,40,1008.8,348
2016-08-19,18.4,13.4,24.4,0,,190,6.1,20.9,1010.5,408
2016-08-20,20.2,13.4,26.5,6.4,,,,,,282
2016-08-21,15.7,11.6,20.5,0.9,,,,,,210
2016-08-22,15.7,11,21.7,0,,,,,,552
2016-08-23,17.6,9.3,25.1,0,,102,5.8,17.6,1025.9,762
2016-08-24,19.4,11,26.5,0,,82,10.1,41,1021.6,756
2016-08-25,20.5,12.6,27.8,0,,73,10.4,28.8,1017.3,756
2016-08-26,20.2,9.4,30.1,0,,60,4,14.4,1016.6,750
2016-08-27,21.6,12.6,30.3,0,,75,5,24.8,1016.3,738
2016-08-28,22,14.1,30.8,0.2,,177,7.9,23.8,1014.7,498
2016-08-29,18.7,14.3,23.7,1.6,,205,7.2,31.7,1017.6,132
2016-08-30,18.1,12.5,23.8,0,,25,10.8,27.7,1020.9,624
2016-08-31,18.1,11.3,25.7,0.3,,75,7.2,27,1019,714
2016-09-01,18.8,12.9,25.3,0,,204,6.5,20.5,1020,318
2016-09-02,18.1,10.5,26.1,0,,90,4,15.5,1019.2,612
2016-09-03,18.1,11,25.3,0,,170,6.1,22,1017.7,366
2016-09-04,18.4,12.1,23.9,5.4,,192,15.5,45.7,1014.3,174
2016-09-05,15.9,12.9,18.6,0.4,,269,16.2,55.1,1018.4,246
2016-09-06,16.5,11,22.1,0,,3,7.6,28.4,1023.6,486
2016-09-07,16.6,11.1,23.9,0,,80,11.2,39.2,1018.2,492
2016-09-08,18.2,9.1,27.6,0,,171,6.1,23.4,1012.9,702
2016-09-09,19.1,11.4,27.3,0,,80,4.3,15.8,1015,654
2016-09-10,18.7,10.1,27.6,0,,16,3.2,21.2,1014.5,690
2016-09-11,19.7,12.5,27.9,0,,118,5.8,27.7,1015.9,648
2016-09-12,19.5,11.4,29.5,0,,100,3.6,14.8,1016,684
2016-09-13,19.6,11.4,28.6,0,,84,5.8,25.6,1013.7,708
2016-09-14,19.2,9.3,27.3,0,,16,6.8,32,1011.3,702
2016-09-15,19.9,11,28.5,0,,41,6.5,23,1009.2,498
2016-09-16,16.8,11.4,21.8,7.7,,284,8.6,24.1,1012.2,300
2016-09-17,13.8,12.5,15.5,19.5,,254,14,32,1012.2,0
2016-09-18,13.4,12.1,14.5,17.7,,249,14.8,36,1010.3,0
2016-09-19,11.9,11.1,12.7,18,,299,10.8,23.8,1015,0
2016-09-20,11.9,5.7,15.4,0,,30,6.8,22,1016.8,204
2016-09-21,8.9,2.8,15.8,0,,31,6.1,22.7,1018.3,408
2016-09-22,10.2,1.9,18.4,0,,78,5.8,31.3,1021,642
2016-09-23,11.2,4.6,18.9,0,,111,4.7,18,1024.1,426
2016-09-24,11.9,4.8,20.2,0,,86,5.4,28.1,1024.3,534
2016-09-25,12.1,3.8,20.7,0,,37,4.7,20.9,1020,660
2016-09-26,13.5,6.3,21.9,0,,101,6.1,24.5,1020.1,624
2016-09-27,12.2,7.4,19.4,0,,310,4.3,13.7,1024.7,252
2016-09-28,13.6,6.3,20.7,0,,190,9,29.5,1027.2,498
2016-09-29,15.5,9.5,23.1,0,,185,11.9,34.9,1020.8,624
2016-09-30,15.7,9.1,23.2,0,,171,11.2,41.4,1014.8,642
2016-10-01,15.5,7.7,22.2,0.1,,190,9.4,33.8,1010.8,480
2016-10-02,11.4,6.7,13.9,2.2,,183,6.1,25.9,1015.1,30
2016-10-03,10.1,5.2,14.2,1.4,,253,13,36.7,1023.4,108
2016-10-04,8.7,5.3,11.3,0.2,,307,8.3,35.3,1028,0
2016-10-05,6.1,2.9,10.5,0.6,,38,13,34.9,1026.8,450
2016-10-06,6.8,4.9,8.5,1.2,,310,7.6,18.4,1018.3,0
2016-10-07,8.3,7,10.2,0,,358,7.6,19.1,1016.5,0
2016-10-08,7.2,4.1,10,0,,7,5,19.1,1019.6,12
2016-10-09,5.6,0.1,11.5,0,,11,5.8,21.6,1022.4,162
2016-10-10,4.9,-1,9.8,0.1,,34,5.4,18.4,1021.6,66
2016-10-11,5.6,4,9.8,2.8,,22,8.6,30.6,1017.1,72
2016-10-12,5,1.8,9.7,0,,18,6.5,22.7,1017.1,168
2016-10-13,5.9,0.9,10.4,0,,69,14.8,43.6,1013.5,288
2016-10-14,8.9,5.4,12.5,0,,84,11.9,48.2,1006.9,18
2016-10-15,10.5,4.8,17.3,0.1,,209,5.8,28.8,1013.3,108
2016-10-16,8.9,3.7,18.2,0,,21,4,21.2,1021.2,336
2016-10-17,10.4,4.7,14.4,4.2,,341,4,21.6,1022.2,6
2016-10-18,10.8,8.7,13.4,4.4,,228,5.8,31,1021.2,30
2016-10-19,8.8,6.3,11.8,2.4,,234,12.6,42.1,1017.2,120
2016-10-20,7.6,3.7,11.8,2.5,,218,15.8,39.6,1013.4,180
2016-10-21,6.2,4.9,7.8,0,,252,10.1,30.6,1013.8,12
2016-10-22,5.4,0.2,10.5,0,,190,7.6,29.2,1014.2,174
2016-10-23,5.7,-1.6,11.9,1.3,,82,3.6,16.6,1012.4,150
2016-10-24,12,7.4,18.8,6.2,,110,5.8,21.6,1013,192
2016-10-25,11.5,6.6,14.3,0.7,,280,7.6,29.5,1020.4,0
2016-10-26,8.8,3.6,12.5,0,,10,4,14.8,1026.6,6
2016-10-27,7,1.2,12,0,,94,5.4,19.8,1032.7,348
2016-10-28,4.6,-0.3,11.2,0,,132,4.3,16.2,1034.1,168
2016-10-29,7.1,1.5,12.3,0.4,,214,6.5,25.2,1032.2,96
2016-10-30,5.9,1.6,11.5,0,,30,4.7,15.8,1029.8,408
2016-10-31,5.5,-0.5,11.1,0,,40,6.8,23.4,1027.8,546
2016-11-01,3.4,-0.6,9.3,0,,169,5.8,21.6,1021.8,114
2016-11-02,5.6,0.9,9,0.8,,254,12.2,32.4,1017.6,0
2016-11-03,2.3,-2.4,8.3,0,,180,4.3,17.3,1021.8,102
2016-11-04,2.1,-4.3,10.5,0.2,,136,4.7,22.7,1015.9,444
2016-11-05,8.9,4,14.1,11.3,,164,11.5,35.6,1001.9,12
2016-11-06,3.9,1.5,6.3,3.8,,244,8.6,23.8,1001.9,0
2016-11-07,1.5,-2.3,4.7,0.9,,223,7.6,26.3,1007.7,144
2016-11-08,0.5,-2.3,4.3,0,,231,7.9,23.8,1010.3,108
2016-11-09,2.3,0,5.4,4.1,,172,12.2,43.6,1006.4,6
2016-11-10,5.1,3.7,6.9,6.6,,232,22.3,54,1007.1,36
2016-11-11,3,0.5,5.4,4.1,,248,17.3,48.2,1012.5,18
2016-11-12,0.8,-2.8,2.7,0,,330,7.2,19.8,1023.4,6
2016-11-13,-0.6,-3.4,2.1,0,,88,9.4,25.6,1026.2,0
2016-11-14,-2.5,-6.7,1.4,0,,76,6.8,26.3,1032.3,318
2016-11-15,2.3,-1.4,5.9,6.2,,227,10.8,27.7,1029.5,24
2016-11-16,7.3,5,8.6,10,,227,13.7,35.3,1020.8,0
2016-11-17,8.4,5.9,10.8,0.3,,219,16.2,42.5,1012.7,54
2016-11-18,8.2,5.3,13.5,11.5,,186,14,63.4,1007.2,6
2016-11-19,4.5,-0.4,7.4,8.6,,176,14.4,49,1011.1,0
2016-11-20,3.4,-0.9,9.3,0,,141,7.2,25.2,1008.7,402
2016-11-21,5,-0.9,12.1,0,,323,2.2,9.7,1005.8,114
2016-11-22,5.7,1.4,10.3,0,,348,2.9,15.1,1011.5,12
2016-11-23,4.8,0.3,8.6,0,,34,4.7,19.8,1016.6,66
2016-11-24,5.4,4.7,6.1,0,,75,12.2,31,1016.8,0
2016-11-25,6.1,4.8,7.4,0,,88,14.8,39.6,1016.4,0
2016-11-26,5.8,5.1,6.8,0,,97,6.8,22.7,1016.7,0
2016-11-27,4.6,-1.6,7.4,0,,311,9.4,24.5,1017.1,132
2016-11-28,-1.9,-5,1.2,0,,44,10.4,31.7,1026,264
2016-11-29,-3.5,-7.9,1.1,0,,74,11.5,31,1032.9,462
2016-11-30,-1.9,-9.7,3.6,0,,,8.6,25.9,1032.7,450
2016-12-01,2.2,-1.1,6.8,0,,270,12.2,31.7,1026.5,144
2016-12-02,3.2,1.6,5.7,0.2,,264,15.8,34.6,1021.2,30
2016-12-03,-1.6,-5.5,2.4,0,,37,9.7,27.4,1023.5,456
2016-12-04,-3.7,-8,-1.9,0,,85,7.6,23.8,1027.7,0
2016-12-05,-2.8,-3.6,-1.8,0,,144,6.8,15.8,1028.9,0
2016-12-06,-2.5,-6.2,3.4,0,,93,5,12.6,1032.1,450
2016-12-07,-3.3,-4.3,-2.3,0,,116,5.8,15.1,1036,0
2016-12-08,-1.5,-5.8,6.5,0,,152,4.7,15.8,1034.6,444
2016-12-09,2.5,-4.7,10.5,0,,151,6.5,18.4,1031.8,306
2016-12-10,1.5,-4.4,9.8,0,,161,6.1,17.6,1026.8,444
2016-12-11,1.9,-4.8,5.2,1,,214,13,37.4,1022.4,0
2016-12-12,3.2,-3,5.6,0,,244,11.9,30.6,1025.5,0
2016-12-13,-1.3,-6.2,3.7,0.2,,171,3.6,13.3,1027.3,342
2016-12-14,3.8,0.1,8.3,0,,113,4.3,13.7,1025,204
2016-12-15,2.2,-0.7,4.2,0,,75,10.1,27.7,1027.1,0
2016-12-16,0,-0.8,1.2,0,,108,10.8,26.3,1031.1,0
2016-12-17,-1,-2.3,0,0,,220,6.1,14.8,1038,0
2016-12-18,0.5,-0.5,1.8,0,,349,6.8,28.1,1034.2,0
2016-12-19,0.5,-1,1.5,0,,80,12.6,34.9,1027,0
2016-12-20,-1.5,-2.1,-0.6,0,,96,12.2,29.2,1024.5,0
2016-12-21,-1.7,-2.3,-0.8,0,,177,5,13.3,1030,0
2016-12-22,-2,-3.4,1.4,0.1,,139,6.8,15.8,1032.8,198
2016-12-23,1.3,-3.5,4.3,0,,123,5,18.7,1034.5,0
2016-12-24,5.3,3.3,7.1,0.3,,236,19.4,49.3,1029.4,0
2016-12-25,6.6,4.8,8.6,0.2,,244,20.2,43.9,1028.3,6
2016-12-26,7,1.3,10.3,0.3,,252,14.8,49.7,1029.3,126
2016-12-27,2,-1.7,3.8,0,,264,16.2,37.8,1039.6,6
2016-12-28,2.5,-3.3,4.4,0,,288,9.7,27.7,1042.3,0
2016-12-29,-1.5,-5.6,3.9,0,,82,7.2,21.6,1040.3,432
2016-12-30,-4.6,-7.6,-3.5,0,,294,3.2,12.6,1039.3,0
2016-12-31,-3.9,-5.3,-2.6,0,,230,4.3,9,1034.6,0
2017-01-01,-4.8,-8.4,-0.9,0,,209,3.2,8.6,1023.8,246
2017-01-02,-2.6,-8.8,-0.1,1.8,,289,10.1,30.2,1021.6,0
2017-01-03,-1.1,-5,0,0,30,255,13,39.2,1025.4,78
2017-01-04,0,-1.4,0.9,0.3,20,251,30.2,66.6,1015.1,0
2017-01-05,-3.2,-6.9,-0.2,0,20,327,16.9,54.7,1025.1,138
2017-01-06,-11.8,-17.2,-6.3,0,20,358,3.6,15.1,1040.3,372
2017-01-07,-10.5,-18.3,-4.9,1.5,20,172,6.5,24.1,1035.4,0
2017-01-08,-2.7,-5.1,-1.2,1.6,50,275,8.3,23.4,1029.3,0
2017-01-09,-2,-3.4,-0.3,0,70,204,4.3,18.4,1026.6,0
2017-01-10,-2.7,-4.3,-1.4,0.2,60,133,9.7,23.4,1013.6,132
2017-01-11,-0.9,-4.4,2.7,0.9,60,188,18.7,60.8,1012.7,42
2017-01-12,2.9,1.6,4.7,7.4,20,232,16.6,49.7,1010.1,0
2017-01-13,1,-4.5,5.4,0.2,,246,28.4,86.4,1001.3,6
2017-01-14,-0.7,-4.4,1.4,0.3,,255,21.2,50.8,1010.6,60
2017-01-15,-2.7,-6.7,-0.5,1.1,20,249,14,38.2,1019.4,108
2017-01-16,-4.3,-8.3,-3,0.6,40,324,8.3,28.4,1023.1,0
2017-01-17,-7.2,-11.6,-4.8,0,50,30,15.5,31.7,1031.7,372
2017-01-18,-5.2,-7.2,-3.9,0,40,62,19.8,38.9,1034.4,0
2017-01-19,-7.6,-11.2,-3.6,0,40,42,10.1,31,1034.5,414
2017-01-20,-9.8,-14.9,-3.7,0,40,25,4.7,14,1033.7,468
2017-01-21,-11.9,-16.3,-5,0,40,,3.3,11.5,1032.1,312
2017-01-22,-11.8,-16.2,-8,0,40,,,7.6,1028,0
2017-01-23,-12.5,-16.1,-7.7,0,40,352,2.2,9,1026.5,216
2017-01-24,-8.6,-10.8,-7.4,0,40,10,6.5,20.2,1027.8,0
2017-01-25,-7,-10.5,-4,0,50,85,13.7,31,1029.5,0
2017-01-26,-5.1,-13.2,-2.2,0,40,102,13.3,34.9,1026.2,258
2017-01-27,-9.2,-16.2,-1.7,0,40,68,5,19.4,1023.9,498
2017-01-28,-8.1,-14.3,-1,0,40,71,4.3,11.9,1022.6,492
2017-01-29,-5.9,-12.8,4.8,0,40,54,2.9,12.2,1024.5,498
2017-01-30,-1.5,-9.8,4.5,2.6,40,156,8.6,47.9,1018.2,6
2017-01-31,3.4,0,5.4,5,20,280,10.8,33.1,1014.5,0
2017-02-01,1.3,0,2.9,0,,109,6.1,19.1,1017.9,0
2017-02-02,2,-0.7,7.9,0,,108,6.5,17.3,1013.2,162
2017-02-03,1.8,-1.1,7.2,1.5,,144,4.7,22.7,1008.4,0
2017-02-04,4.6,-1.2,8.5,0,,153,15.1,61.6,1003.9,276
2017-02-05,4.1,-1.9,8.4,0,,107,12.6,51.1,1003.4,276
2017-02-06,2,0,3.7,0,,300,6.1,14.8,1013.3,0
2017-02-07,2.5,0.4,5.5,0,,60,4.7,17.3,1017.1,72
2017-02-08,0.8,-2.7,2.8,0,,55,10.1,27.4,1020.8,0
2017-02-09,-1.5,-3.9,0.8,0,,71,12.6,31.3,1023.3,18
2017-02-10,-1.6,-2.3,-0.4,0,,71,6.5,18.7,1020.5,0
2017-02-11,-0.3,-5.7,5.8,0,,87,6.5,23.4,1020.8,498
2017-02-12,-0.6,-2.3,0.3,0,,80,13.3,30.6,1026.3,0
2017-02-13,0.3,-3.2,3.7,0,,80,15.8,40.3,1027.7,156
2017-02-14,-1.7,-7.2,6.7,0,,105,5.4,18.7,1030.8,366
2017-02-15,0.3,-6.5,11,0,,85,3.6,10.1,1034.8,540
2017-02-16,3.8,-3.7,13.7,3.2,,141,6.1,16.2,1031.1,564
2017-02-17,3.8,2.3,5.6,3.8,,221,10.4,32,1025.5,24
2017-02-18,3.1,-2.6,5.9,0,,236,4,12.6,1026.2,0
2017-02-19,-0.2,-3.4,4.4,0.4,,194,5.8,23.8,1024.4,24
2017-02-20,6,3.3,8.5,2.1,,234,18.4,47.5,1020.6,78
2017-02-21,8.1,6.3,9.6,2.4,,245,24.5,50.8,1016,0
2017-02-22,9,7.4,10.7,0.1,,242,25.9,60.1,1012.5,42
2017-02-23,11.8,5.2,18.9,0,,241,29.2,83.2,1003.2,294
2017-02-24,4,-2.8,7.1,0.1,,277,23,72.4,1011.1,114
2017-02-25,1.1,-5,7.9,0,,142,5,20.2,1021.8,576
2017-02-26,3.9,-2,10.9,0,,185,9.4,28.1,1016.7,216
2017-02-27,5.1,-3.1,14.7,1.1,,149,9.4,23.4,1007.1,564
2017-02-28,3.5,0.2,5.9,4.7,,183,16.9,50,998.9,6
2017-03-01,4.9,2,7.3,5.9,,232,26.6,60.1,1006.3,42
2017-03-02,6.5,-0.4,10.5,0.6,,251,28.4,68.8,1012.2,456
2017-03-03,4.4,-2.5,10.8,0,,125,8.3,31.3,1011.2,222
2017-03-04,9,-1.6,17.5,0,,234,13,50,995.6,378
2017-03-05,6.6,2.6,10.8,4.2,,225,18,45,1003.7,204
2017-03-06,5.1,2.3,9.2,1,,237,20.2,50.8,1002.8,90
2017-03-07,3.9,1.2,7.3,0,,262,17.6,42.5,1013.3,114
2017-03-08,4.7,-0.8,8.2,4.8,,208,14,50.4,1021.3,138
2017-03-09,8.5,6.8,10.2,6.3,,246,18.7,45.4,1018.2,24
2017-03-10,4.5,-2.7,8.5,0,,317,16.2,45,1025.3,258
2017-03-11,3.2,-4.2,10.4,0,,100,9,29.5,1022.7,378
2017-03-12,4.1,-2.1,10.8,0,,75,13.3,33.5,1016.8,618
2017-03-13,3.4,-3.5,10.5,0,,78,5.8,20.9,1024,498
2017-03-14,5.5,-2.6,13.3,0,,187,6.5,27,1030.5,336
2017-03-15,5.3,-1,12,0,,108,7.2,20.2,1030.4,84
2017-03-16,5.6,-2.9,15.8,0,,120,5,19.4,1024.5,522
2017-03-17,10.2,1.5,19,0.2,,225,19.1,46.4,1014.2,474
2017-03-18,7.8,6.8,8.6,3.2,,249,30.6,65.5,1010,0
2017-03-19,10.9,8.1,13.7,0,,250,24.1,51.8,1011,12
2017-03-20,10.2,5.4,15,0.1,,259,13,43.9,1010.9,144
2017-03-21,9.4,5.8,13,3.1,,251,12.6,32.8,1010,72
2017-03-22,5.4,3.6,6.6,1.6,,27,10.4,23.4,1012.2,0
2017-03-23,8.4,6,12.4,0,,54,13,31,1014.1,258
2017-03-24,6.6,3.9,8.9,0,,53,13.3,36.4,1023.7,0
2017-03-25,8,3.4,13.4,0,,68,16.9,43.6,1022.8,558
2017-03-26,6.4,-0.7,12.4,0,,,13,35.3,1021.1,600
2017-03-27,6.9,-0.9,16.5,0,,73,11.9,36.4,1022.5,708
2017-03-28,8.6,-3,18.7,0,,73,6.1,24.1,1022.6,660
2017-03-29,10.6,3.3,18.1,0,,189,10.4,46.4,1025.1,594
2017-03-30,10.9,2,19.6,0,,114,6.1,17.6,1024.9,678
2017-03-31,12.2,2,22.6,0,,129,5,14,1016.8,660
2017-04-01,13.2,3.1,22.3,0,,76,6.1,29.9,1009.7,486
2017-04-02,12,6.2,18.2,0,,318,9.4,24.1,1015.6,510
2017-04-03,10.9,4.6,16.7,1,,342,8.3,33.1,1021,162
2017-04-04,8.2,2.2,13.9,6.4,,42,6.8,40.3,1021.3,120
2017-04-05,7.6,1.1,13.2,0,,314,5.8,24.1,1021,150
2017-04-06,5.8,1,8.6,0,,310,12.2,36,1023.6,180
2017-04-07,7.7,2.4,14,0,,277,11.2,37.4,1022.7,510
2017-04-08,9.3,0.6,18.3,0,,47,3.6,14.4,1022.6,726
2017-04-09,11.5,1.3,21.8,0,,58,4.3,19.8,1021.9,738
2017-04-10,13.9,4.9,22.4,0.2,,208,14.8,62.3,1017,522
2017-04-11,7.6,0.3,12.5,0,,340,9.7,33.1,1022.7,600
2017-04-12,9.9,-0.8,18,0,,258,8.6,34.6,1016.9,450
2017-04-13,11,4.4,14.3,0,,278,18,46.4,1012.9,198
2017-04-14,8.5,3.1,13,0,,271,7.2,28.4,1015.2,54
2017-04-15,10.5,6.3,14.7,0.8,,247,16.9,50.8,1014.3,186
2017-04-16,6.2,3.7,8.7,2.7,,279,14.4,41.4,1018.5,0
2017-04-17,5.2,1.6,9.9,9.9,,253,19.4,59,1015.9,6
2017-04-18,1.8,0,5.7,3.1,,293,14.4,45.4,1020.4,96
2017-04-19,1.4,-1,5.4,0.3,,7,13.7,41.8,1028.4,144
2017-04-20,1.1,-3.3,6.3,0,,347,8.3,25.2,1033.3,378
2017-04-21,4.9,-3.7,12.4,0,,204,9.7,29.5,1029.4,636
2017-04-22,5.7,-0.1,10.8,1.9,,241,15.1,42.5,1022.3,0
2017-04-23,4.2,-2.8,9.1,0,,303,11.9,40.3,1022.9,288
2017-04-24,6.9,-4.1,16.8,0.5,,97,6.1,23.4,1015,750
2017-04-25,8.4,2.1,13.2,29.9,,232,10.4,50.8,1006.7,12
2017-04-26,2,0.1,4.5,8.6,20,340,6.8,22,1010,0
2017-04-27,3,1.7,4.8,18.4,,21,6.1,18.7,1013.1,0
2017-04-28,3.4,0.7,6.1,4.8,,25,12.2,30.2,1013.1,0
2017-04-29,6.1,0.9,12.1,0,,224,7.2,27,1017,198
2017-04-30,8.6,0.1,15.3,0,,90,15.1,46.4,1010.9,810
2017-05-01,6.2,1.3,11.6,19.4,,287,14,38.2,1010.6,162
2017-05-02,8.2,4.9,13.8,0.5,,259,14.4,43.6,1014.1,240
2017-05-03,8.8,3.4,14.3,0.1,,318,7.2,25.9,1015.8,270
2017-05-04,8.5,1.6,14.8,11.8,,324,7.9,29.2,1013.9,216
2017-05-05,10.1,6.2,15.2,1,,332,8.6,19.8,1016.5,318
2017-05-06,12.7,3.8,20.3,1.6,,45,11.5,37.8,1009.1,666
2017-05-07,10.8,9.5,12.9,11.9,,246,16.9,35.3,1012.6,0
2017-05-08,9.4,6.3,11.7,16.4,,278,15.1,36.7,1014.3,0
2017-05-09,7.4,3.6,11.6,0,,337,9.4,22,1015.8,90
2017-05-10,9.5,1,17.9,0,,91,5.4,21.6,1008.3,822
2017-05-11,13.6,2.9,22,0.4,,117,11.5,45.7,1000.2,534
2017-05-12,15.4,9.9,21.2,1.9,,250,11.2,36.4,1002.5,534
2017-05-13,15,9.9,20.6,0.2,,261,10.1,29.5,1011.1,414
2017-05-14,15,10.3,19.3,5.1,,260,8.3,32.4,1020.4,336
2017-05-15,13.8,7.6,19.9,0,,259,8.3,32.4,1027.4,420
2017-05-16,14.6,6.5,22.1,0,,105,6.8,22,1027.2,720
2017-05-17,17.3,6.6,24.4,0,,92,11.9,38.9,1019.3,864
2017-05-18,19,8.6,26.3,0,,358,7.6,25.6,1010.6,630
2017-05-19,13.9,5.6,21.4,0.7,,291,15.5,50,1010.2,354
2017-05-20,11,3,17.8,0,,281,9,32.4,1021.3,720
2017-05-21,12.2,3.7,19.3,0,,63,7.9,30.6,1023.7,552
2017-05-22,15,7.4,22.9,0,,22,7.6,30.2,1016.7,786
2017-05-23,17.2,7.6,24.8,0,,297,8.6,35.6,1016.3,510
2017-05-24,15.6,9,18.6,0.6,,299,15.5,34.9,1020.4,126
2017-05-25,13.5,7.1,20.3,0,,20,6.5,28.4,1020.6,480
2017-05-26,15.6,5.7,23,0,,54,7.2,34.9,1018.8,876
2017-05-27,18.2,7.6,25.6,0,,113,8.6,36.4,1018.2,882
2017-05-28,19.8,7.6,28.8,0,,122,5,16.6,1017.4,852
2017-05-29,21.9,10.9,30.3,0,,116,5.4,19.8,1012.8,798
2017-05-30,22.3,16.5,28.4,2.4,,254,8.3,37.8,1012.7,642
2017-05-31,20.1,13,25,0,,323,9.4,26.3,1017.6,690
2017-06-01,19.1,13.3,25.6,0,,334,5.8,20.2,1018.1,570
2017-06-02,18.9,10.3,26.7,0,,281,5.8,24.1,1015.5,660
2017-06-03,21,12.8,28,4.5,,174,7.9,33.1,1011,744
2017-06-04,16.2,10.1,20.1,0.5,,280,14.4,58,1012.6,210
2017-06-05,14.8,10.3,20.2,1.1,,31,8.6,29.5,1012,48
2017-06-06,13.1,7,15.7,6,,188,11.9,46.4,1007.4,0
2017-06-07,10.7,5.1,15.3,5.2,,243,15.5,72.7,1017.4,360
2017-06-08,14.2,4.6,21.6,0,,129,6.8,21.2,1018.7,888
2017-06-09,16.9,7.3,24.8,6.9,,185,10.4,59,1013.6,438
2017-06-10,16,9.1,22.4,0,,356,5.8,21.6,1019.6,720
2017-06-11,19.3,8.4,27.1,0,,112,7.2,22.3,1016.8,864
2017-06-12,20.6,11.6,25.7,0,,250,14.4,51.5,1013.6,486
2017-06-13,17.2,8.7,24,0,,5,7.9,30.6,1016.3,762
2017-06-14,17.7,10,24.7,0,,15,6.8,25.2,1015.8,870
2017-06-15,20.9,8,29.1,0,,87,7.6,38.9,1013.8,672
2017-06-16,19.3,12.9,24.2,0,,275,20.9,49.3,1017.2,486
2017-06-17,16.1,13,20.8,0,,302,14.8,47.2,1022.9,546
2017-06-18,17.5,12.3,23.5,0,,64,9.4,32.8,1022.5,846
2017-06-19,20.3,10.9,28.5,0,,87,9.4,31,1018.3,906
2017-06-20,23,13.3,30.9,0,,218,6.8,38.5,1014.2,624
2017-06-21,22.3,14.2,30.8,0.4,,29,6.1,46.4,1013.5,594
2017-06-22,24.1,12.5,32.2,2.5,,223,7.9,39.6,1012.3,666
2017-06-23,24.5,13.6,29.9,0,,268,18,49,1012.4,624
2017-06-24,21.1,13.3,27.7,0,,265,11.2,39.6,1014.6,534
2017-06-25,18.6,11.8,25.1,0.5,,225,9,38.2,1013.1,102
2017-06-26,22.4,12,29.6,3,,,9.4,28.8,1010.7,870
2017-06-27,20.5,16.5,27,4.5,,,,,,390
2017-06-28,20.8,15.8,25.8,24.5,,,12.2,,998.8,294
2017-06-29,17,13.5,22.6,4.5,,,,,,252
2017-06-30,17.1,12.3,23.1,2.1,,,,,,570
2017-07-01,16.8,13.3,21.5,1.2,,,,,,270
2017-07-02,15.9,13.1,19.6,2.2,,,,,,12
2017-07-03,17.6,10.9,22.3,0,,,,,,372
2017-07-04,18.4,10.8,25.5,0,,128,5.8,24.1,1018.9,528
2017-07-05,20.7,10.2,29,0,,270,7.2,29.5,1015.9,840
2017-07-06,22.2,12.6,31.3,0,,338,4.7,23.4,1015.8,780
2017-07-07,21.7,14.9,30.2,2.8,,234,10.1,49.7,1015,354
2017-07-08,21.9,15.4,29.7,3.1,,201,9,46.1,1014.7,516
2017-07-09,20.7,15.9,28.5,10.3,,182,8.6,64.4,1011.7,252
2017-07-10,20.6,15.2,25.9,3.6,,245,13.7,67.3,1008.7,264
2017-07-11,17.6,12.6,22.8,4.1,,258,14.8,49.7,1013,354
2017-07-12,18.6,13.2,24.5,2.4,,223,17.3,62.3,1012.1,222
2017-07-13,15.3,9.8,21,0,,342,7.9,21.2,1019,798
2017-07-14,14.8,9.4,20.7,3.6,,305,8.3,34.2,1015.6,216
2017-07-15,14.2,9.6,18.4,0,,322,10.8,31.3,1020.9,348
2017-07-16,15.8,6.7,22.7,0,,351,4.3,22,1022.8,720
2017-07-17,19,9.7,26.5,0,,63,5,22.3,1019.3,750
2017-07-18,21.8,10.9,29.1,0,,87,7.9,35.6,1015.3,774
2017-07-19,24.2,14.8,31.9,0,,195,8.6,50.8,1010.8,732
2017-07-20,20.1,13.3,26.6,0.6,,257,11.5,42.5,1011.8,438
2017-07-21,21.8,13.3,29,1.5,,107,10.4,41.4,1010.8,696
2017-07-22,20.8,14.7,28.3,4.8,,247,8.6,33.8,1012,450
2017-07-23,18.3,15.3,22.2,0,,272,10.8,49.3,1014.7,108
2017-07-24,15.4,10.4,18.7,3.8,,203,13.3,63.7,1008.7,84
2017-07-25,13.1,11.1,16.8,23.7,,265,18.4,51.1,1007.7,30
2017-07-26,13.4,12.3,14.5,15.9,,262,22.3,51.5,1007.6,0
2017-07-27,15.4,9.5,20,7.9,,230,13.7,43.2,1010.2,48
2017-07-28,17.1,13.2,21.7,0,,249,13,35.6,1013.3,222
2017-07-29,19.6,12.5,26.8,0,,187,7.9,31.7,1014.5,768
2017-07-30,21.7,13.6,31.1,14.1,,183,9.4,69.5,1011.5,612
2017-07-31,22,14,28.6,0,,152,8.6,38.5,1013.8,444
2017-08-01,23.3,15.3,33.2,6.7,,68,9.4,79.9,1013.1,666
2017-08-02,22.8,17.4,29,0,,242,9,26.6,1016.7,702
2017-08-03,22.9,16.8,29.9,6.9,,164,6.1,30.2,1013,252
2017-08-04,21.8,18.3,26.1,1.7,,226,9.7,32.4,1013.1,102
2017-08-05,22.2,16.2,28,0.4,,275,12.6,41.4,1013.8,744
2017-08-06,17,11.1,20.9,0.3,,316,7.6,20.2,1020.2,96
2017-08-07,16.9,9.2,23.6,0,,109,11.5,40.3,1017,714
2017-08-08,18.2,10.5,26.7,14.7,,283,9.7,43.2,1011,426
2017-08-09,18.2,14.9,21.4,0,,80,7.9,31.7,1014.3,132
2017-08-10,14.4,11.4,17.3,11.9,,301,12.6,41,1016.3,0
2017-08-11,12.8,11,14.9,2.6,,259,11.9,34.6,1015.3,0
2017-08-12,14.5,10.4,18.8,0.3,,255,12.6,38.2,1018.2,48
2017-08-13,17.2,10.3,24,0,,175,7.6,22.7,1019,402
2017-08-14,19.9,12.4,25.9,0,,83,11.5,34.9,1017.6,756
2017-08-15,21.1,12,29.4,20.9,,248,7.9,38.9,1016.6,684
2017-08-16,19.8,15.4,24.6,0,,118,7.6,22.7,1019.3,408
2017-08-17,20.7,14,26.9,0,,197,6.1,24.1,1016.7,510
2017-08-18,21.3,14.4,30.2,16.2,,178,9.4,75.6,1013.5,666
2017-08-19,16.1,12.5,20.1,2,,285,6.8,28.4,1018.2,252
2017-08-20,14.3,7.9,19.5,0,,300,6.8,30.6,1022.1,540
2017-08-21,14,8.1,19.7,0,,33,4,19.4,1022.4,438
2017-08-22,14.2,6.2,21.8,0,,73,4.3,25.9,1019.5,738
2017-08-23,17.5,8.8,25.4,0,,106,5,16.2,1015.9,732
2017-08-24,20.1,13.3,26.5,0,,235,9.7,52.2,1015.4,606
2017-08-25,20.2,12.4,28.8,0.1,,183,6.1,23.4,1016.2,618
2017-08-26,21.7,13.8,29,0,,188,8.3,28.4,1014.4,678
2017-08-27,18.3,13.4,22.1,9.2,,184,5,24.5,1015.9,162
2017-08-28,18.5,13.8,25.2,0.6,,35,4.3,22,1016.6,522
2017-08-29,19.3,11.2,26.5,0,,118,6.5,25.2,1014.4,750
2017-08-30,21.5,11.6,30.7,1.4,,155,5.8,62.6,1010.2,678
2017-08-31,17.2,13.3,21.1,36.9,,285,9.7,31,1014.6,48
2017-09-01,13.1,12,14.3,14.2,,346,6.1,21.2,1017.3,0
2017-09-02,11.4,10.1,13.8,3,,14,8.3,23.8,1016.5,6
2017-09-03,11.3,6.2,17.1,4.9,,285,6.1,23.8,1015.8,144
2017-09-04,11.6,4.3,19.5,0,,140,4.3,15.8,1016.8,684
2017-09-05,16.6,11.8,22.9,1.1,,207,6.5,21.2,1018.4,246
2017-09-06,17.1,12.6,21.9,0.1,,269,15.5,49.3,1015.7,246
2017-09-07,12.9,8.1,17.2,0.1,,283,10.4,29.2,1016.6,180
2017-09-08,13,7.2,18.9,0,,197,10.4,34.6,1010.2,492
2017-09-09,12.2,7.9,16.3,7.3,,190,7.2,23.8,1002.8,30
2017-09-10,11.5,7.4,14.2,0.1,,218,7.6,18.7,1006.1,12
2017-09-11,12.1,6.8,18.5,0,,204,14,42.8,1004,300
2017-09-12,11.2,7.7,15.1,4.5,,227,14.4,36.7,1010.1,78
2017-09-13,14.2,7.2,18.9,0,,227,25.6,66.2,1009.6,6
2017-09-14,12.4,8.7,18.9,5.6,,256,24.8,55.1,1009.1,138
2017-09-15,10.9,6.7,16.3,0.5,,217,7.9,26.3,1013.3,468
2017-09-16,9.7,5,14.2,0.6,,158,5.8,18,1011.6,120
2017-09-17,10.1,6,16.3,0.6,,249,6.1,38.2,1012.7,432
2017-09-18,9.8,6.7,14.2,0.1,,273,8.3,28.4,1015.7,132
2017-09-19,9.4,7,12.7,0.9,,302,5.8,26.3,1017,18
2017-09-20,10.1,6.7,14.2,0,,277,7.6,23.8,1020.4,90
2017-09-21,9.9,3.3,16.5,0,,111,5,17.3,1020.7,552
2017-09-22,9.8,1.9,18.1,0,,112,4.3,15.5,1020.4,432
2017-09-23,11.6,5.8,19.1,0,,88,4.7,18.4,1020.7,462
2017-09-24,11.3,6,18.6,0,,41,5,19.4,1020,390
2017-09-25,11.1,2.8,17.6,0,,55,5.4,22.7,1019,546
2017-09-26,12.3,6,17.8,0,,83,6.5,22.7,1020.1,492
2017-09-27,13.6,7.4,20.7,0,,46,3.6,13.7,1022,324
2017-09-28,13.1,6.6,21,0,,151,4.7,11.2,1023.9,318
2017-09-29,13.7,9.7,17.6,0.5,,142,4,11.9,1021.9,12
2017-09-30,14.5,8.4,20,7.6,,130,6.5,31,1016.2,114
2017-10-01,10.8,5,14,0,,319,8.3,22.3,1020.9,18
2017-10-02,12,4,17.2,5,,198,12.6,35.3,1018.1,210
2017-10-03,11.4,4.8,15.5,9.1,,279,14.4,56.2,1018.4,312
2017-10-04,9.8,3.1,15.3,0,,213,9.7,29.5,1023.1,342
2017-10-05,13.2,6.6,19.6,3.5,,268,24.1,67.7,1013.6,474
2017-10-06,8.2,5.5,11.4,2.2,,275,16.6,58.7,1018.5,174
2017-10-07,9.4,7,12.6,1.5,0,253,17.3,40,1020.5,102
2017-10-08,9.4,7.2,11.8,2.6,0,259,19.4,55.4,1016.8,0
2017-10-09,9.9,6.9,11.7,0.6,0,279,10.1,23.4,1019.1,6
2017-10-10,10.4,6.8,14.1,0,0,245,12.6,36.4,1019.2,6
2017-10-11,11.8,6.6,18.2,0,0,187,9.7,27.4,1019.4,516
2017-10-12,11.5,4.8,17.6,0,0,215,11.9,41.4,1022.8,222
2017-10-13,10.7,3.8,17.9,0,0,159,6.5,20.2,1027.2,570
2017-10-14,10.9,3.8,19.6,0,0,117,4.7,15.1,1027.7,606
2017-10-15,11.3,4.1,20.5,0,0,142,4.7,13.7,1026.5,594
2017-10-16,13.1,5.7,23.5,0,0,137,5.4,12.6,1025.4,600
2017-10-17,11.8,4.5,23.3,0,0,131,4.7,11.2,1021.8,594
2017-10-18,10.4,3.7,19.3,0,0,126,5,14.4,1015.7,444
2017-10-19,10.4,3,20.5,0,0,111,5.4,14.4,1014.2,534
2017-10-20,12.8,4.3,21.2,1,0,245,8.6,29.2,1014.4,378
2017-10-21,13.9,9.4,18.8,6.1,0,197,9.4,42.5,1015.3,144
2017-10-22,9.1,6.7,12,2,0,252,16.9,43.2,1016.8,162
2017-10-23,7.6,6.2,9.5,0,0,270,16.2,35.3,1020.4,12
2017-10-24,9.6,6.4,14.9,0,0,241,9.4,23.4,1025.2,288
2017-10-25,10.3,5.4,17.9,0,0,189,7.9,23.4,1024.1,324
2017-10-26,11.7,7.9,17.5,0,0,174,6.8,18.4,1024,366
2017-10-27,9.3,5.1,12.2,3.5,0,295,13,49.3,1023.1,108
2017-10-28,7,2.6,9.7,1.2,0,266,20.9,56.2,1021.8,54
2017-10-29,7.2,2,9.4,5,0,273,29.9,74.5,1011.4,96
2017-10-30,4.3,0.4,7.4,0,0,274,10.8,33.1,1023.8,126
2017-10-31,2.3,-2,8.4,0,0,144,4.7,13.3,1027.1,474
2017-11-01,5.1,1.8,11.3,0,0,176,6.5,16.6,1023.3,96
2017-11-02,8.7,2,14.3,0,0,219,12.6,46.1,1015.8,252
2017-11-03,8.5,0,12.4,0,0,141,5.4,17.6,1016.1,102
2017-11-04,7.4,0.1,15.6,0,0,151,5.8,14.8,1012.3,210
2017-11-05,6.6,2.9,11.1,6.9,0,276,10.8,46.8,1009.1,36
2017-11-06,4.8,4.2,6,0.5,0,2,10.1,23.4,1019.1,0
2017-11-07,5.9,4.7,6.9,0.6,0,58,10.1,26.6,1016.1,0
2017-11-08,5.6,4.6,6.9,0.6,0,232,9.4,20.2,1016,0
2017-11-09,6,4.9,7.5,0,0,279,4.7,12.6,1021.8,0
2017-11-10,5.5,4.7,6.7,2.9,0,250,18.4,48.6,1019.3,0
2017-11-11,5.9,3.5,7.9,8.8,0,260,22.7,58.3,1012.2,0
2017-11-12,4.8,1.3,9.9,16.3,0,273,18.7,76.3,1003,0
2017-11-13,1.9,-1.7,4.2,0.9,0,325,9.7,28.4,1013.7,12
2017-11-14,-0.5,-3.2,3.5,0,0,145,4.7,13.7,1026,60
2017-11-15,-0.6,-1.6,1.1,0,0,111,9,21.2,1027.3,6
2017-11-16,0,-1.2,0.9,0,0,24,7.9,19.8,1024.5,0
2017-11-17,1.2,-0.4,2.6,0.1,0,312,5,15.1,1025.7,0
2017-11-18,3.1,0.8,5.2,1.4,0,264,13.3,39.6,1021.3,0
2017-11-19,2.7,0.5,4.7,0.2,0,262,24.1,49.3,1017.5,114
2017-11-20,2.6,0.3,4.5,0.7,0,253,19.4,49,1020.7,0
2017-11-21,6.3,4.3,8.9,0.2,0,250,19.8,46.1,1015.8,0
2017-11-22,6.6,1.5,14.9,0,0,209,9,28.1,1013.1,444
2017-11-23,5.9,-2,14.1,0,0,188,10.1,29.5,1013,306
2017-11-24,9.4,4.7,15.7,0,0,191,10.1,27,1013.8,210
2017-11-25,5.7,1.3,8.8,4.2,0,235,15.5,38.9,1011.3,0
2017-11-26,1,-1.4,2.6,0.6,0,270,15.8,40,1023.8,24
2017-11-27,2.2,-0.7,4.2,0,0,247,22,52.9,1022.8,78
2017-11-28,3.7,2.7,4.6,0.8,0,239,19.8,48.6,1009.3,0
2017-11-29,2.2,0,4,0.1,0,256,7.6,19.8,1005.5,0
2017-11-30,0.1,-1.8,1.3,0,0,259,13,35.6,1005.7,0
2017-12-01,-0.8,-3.5,0.9,0,0,109,7.9,24.1,1012.8,0
2017-12-02,-1.7,-3.4,-0.5,0,0,59,10.8,22.3,1023.1,24
2017-12-03,-1.6,-2.3,-0.7,1.4,0,277,10.8,34.2,1025.6,0
2017-12-04,0.4,-1.5,2.1,0.7,40,263,20.5,39.6,1029.2,0
2017-12-05,2.7,1.4,4.3,0,0,263,15.5,31.3,1035.1,24
2017-12-06,1.6,-0.2,2.9,0,0,247,13,28.4,1033.4,0
2017-12-07,2,-2.6,7.7,4.3,0,220,11.5,43.9,1022.5,432
2017-12-08,2.6,-1.4,7.3,2.5,0,257,20.2,71.6,1011.6,0
2017-12-09,-1.8,-3.9,-0.5,0,0,265,19.4,46.4,1015.4,90
2017-12-10,-0.9,-5.9,5.5,9,0,201,18.4,58.7,998.4,18
2017-12-11,3.9,1.8,6.6,3.7,0,183,14,54,986.4,0
2017-12-12,2.2,-2.4,5.1,0,0,241,18.7,49.3,1007.7,0
2017-12-13,0.5,-3.4,4.4,4.4,0,200,14,61.9,1012.3,342
2017-12-14,3.7,2,6.2,1.5,0,232,26.6,104.4,998.9,216
2017-12-15,2.6,-1.4,5.9,0,0,237,18.7,56.9,998.3,288
2017-12-16,0.5,-1.8,2.5,1.9,0,244,10.8,28.1,1009.3,0
2017-12-17,0,-2,0.8,0.1,0,270,14.4,34.2,1022.4,0
2017-12-18,-0.7,-1.5,0.1,0,0,170,7.6,23,1024.7,0
2017-12-19,0.1,-1.3,1.4,0.1,0,274,6.1,18,1032.2,6
2017-12-20,1.3,-0.2,2.4,0.1,0,257,7.2,18.4,1033.9,0
2017-12-21,2.6,0.8,3.9,3.8,0,249,13.3,31,1034.8,0
2017-12-22,4.8,3.7,5.8,3.5,0,262,11.2,29.5,1033.4,0
2017-12-23,6,4.7,7.6,0,0,255,15.5,33.5,1033.3,0
2017-12-24,3.4,1,4.9,0,0,267,16.9,33.8,1029.2,0
2017-12-25,0.2,-4.3,3.7,0,0,205,7.9,21.6,1021.4,288
2017-12-26,0.9,-5.9,9.1,0,0,179,10.8,51.5,1009.1,288
2017-12-27,-0.1,-3.7,1.4,7.8,0,144,5.4,34.9,991.3,18
2017-12-28,0.5,-1,1.5,3,10,266,19.1,36.7,998.4,0
2017-12-29,-1.3,-3.6,1.9,4.2,30,218,14.8,45.4,1010.2,390
2017-12-30,4.3,0.7,10.7,3.8,50,230,20.9,63,1007.8,0
2017-12-31,8.9,1.8,12.5,0,0,231,24.1,64.8,1010.1,108
2018-01-01,5.6,1,8,0.5,0,226,22.3,70.9,1007.3,138
2018-01-02,3.7,1.6,6.2,2,0,249,21.6,55.1,1012.5,24
2018-01-03,6,3.8,11.4,6,0,251,32.8,100.1,1001.8,12
2018-01-04,6.5,3.6,11,26.6,0,238,22,73.1,1001.2,0
2018-01-05,8.5,5.4,10.9,7.8,0,245,16.6,55.1,1002.1,66
2018-01-06,6.1,0.9,10,0,0,119,6.1,22.7,1007.2,342
2018-01-07,3.4,2,5.3,0,0,85,10.1,29.5,1017,0
2018-01-08,4.9,4.2,5.7,0,0,93,14,38.2,1019.8,0
2018-01-09,4.1,-1.8,10.2,0,0,108,7.6,28.8,1013,240
2018-01-10,2,-1.4,9.4,0,0,115,4.3,13.3,1013,414
2018-01-11,1.9,0.6,3.2,0,0,87,5.4,16.6,1015.6,0
2018-01-12,2.3,1.3,3.6,0,0,86,7.2,18,1023.9,0
2018-01-13,1.9,0.1,3.2,0,0,90,11.9,28.4,1023.5,0
2018-01-14,0,-3.9,2.5,0,0,87,8.6,27.7,1021.6,18
2018-01-15,0.2,-5.3,4.5,0.9,0,166,9.4,38.5,1016.2,144
2018-01-16,4.8,0.6,8.2,7.2,0,251,29.2,77,999.2,24
2018-01-17,1.2,-0.6,3.1,4.1,0,265,25.9,68.8,1003.9,138
2018-01-18,3.7,0.1,7.3,8.5,40,253,36,96.5,1005.5,24
2018-01-19,2.5,-0.2,4.9,2,0,262,19.4,54.7,1009.3,168
2018-01-20,1.2,0,3.5,12.1,0,227,15.8,46.8,1007,30
2018-01-21,0,-3.6,1.3,4.1,20,279,15.8,43.6,1012.2,42
2018-01-22,1.4,-2.2,6.5,13.3,50,183,9,31,1011.9,0
2018-01-23,4.3,0.5,6.9,0.1,0,259,13.7,28.8,1024.7,6
2018-01-24,5.6,0.9,12.9,0,0,175,8.6,23.4,1023.1,438
2018-01-25,6.3,1.9,13,0,0,174,7.9,21.6,1016.7,270
2018-01-26,5.1,0.7,8.7,0,0,57,8.3,19.1,1016.9,222
2018-01-27,4.9,3.9,5.7,0,0,16,5.8,17.3,1029.4,0
2018-01-28,6.5,3.8,9.7,0,0,248,16.6,41.8,1033.6,60
2018-01-29,6.8,4,9.3,0,0,268,18.4,43.2,1029.8,258
2018-01-30,5.3,2.8,7.3,0.4,0,266,11.2,48.2,1027.9,0
2018-01-31,6.5,2.8,10.2,4.4,0,218,14.8,69.1,1013.7,108
2018-02-01,2.8,0.2,6.2,3.9,0,259,15.5,55.1,1003.8,0
2018-02-02,1.4,-1.6,4.8,0.1,0,242,13.7,36.4,1007,258
2018-02-03,0.5,-2,2.5,0.5,0,260,7.9,22.3,1006.6,0
2018-02-04,-0.8,-4.1,2.7,0,0,118,4.3,13,1014.6,138
2018-02-05,-1.1,-4.2,2.2,0,0,85,13.3,38.9,1020.7,270
2018-02-06,-1.3,-3.8,3,0,0,101,11.2,32.4,1012.8,306
2018-02-07,-3,-5,-2.2,7.3,0,23,5.8,13.7,1011.8,0
2018-02-08,-1.6,-4.5,1.9,0,110,349,2.9,7.9,1018,0
2018-02-09,-1.5,-4.1,0.5,0,70,135,5.4,15.1,1016.5,0
2018-02-10,-0.3,-3.6,2,0.1,60,206,5.8,16.2,1016.4,0
2018-02-11,0.8,-1.3,2.4,0.4,40,236,14.4,33.5,1009.1,12
2018-02-12,-0.1,-4.6,2.5,0.3,10,274,11.2,39.2,1013.9,180
2018-02-13,-2.5,-7.1,1.4,0,10,146,9.4,25.9,1015.8,432
2018-02-14,-3.7,-9.5,1.7,0,0,123,7.9,21.2,1017.8,528
2018-02-15,-2,-5.1,1.2,7.9,0,158,8.6,31,1019.1,0
2018-02-16,2.1,-1.2,5.4,1.9,10,151,5,18,1024.4,0
2018-02-17,-0.6,-1,0,11.5,0,52,11.2,27.4,1020.5,0
2018-02-18,-1.5,-7.6,0.3,0,120,34,8.6,26.6,1025.5,0
2018-02-19,-3.2,-4.9,-2.2,0,90,63,7.9,22.3,1019.6,0
2018-02-20,-3.1,-4.7,0.4,0.2,90,21,5,14.4,1015.9,0
2018-02-21,-3,-5.1,-0.6,0,70,33,9.4,33.5,1018.4,198
2018-02-22,-3.4,-5.9,-1.3,0,70,68,19.4,39.6,1016.2,24
2018-02-23,-3,-4.8,-1.4,0,60,70,16.2,33.8,1015.9,0
2018-02-24,-4.1,-7.2,-0.8,0,60,66,22,44.6,1019.4,534
2018-02-25,-8.3,-12.9,-5.3,0,50,68,19.1,44.3,1023.6,588
2018-02-26,-12.1,-14.8,-8.7,0,50,56,12.2,36,1022.3,450
2018-02-27,-11.7,-15.8,-8.8,0,50,43,10.8,26.3,1017.6,162
2018-02-28,-11.5,-18,-7.7,0,50,78,14.8,47.9,1017.8,546
2018-03-01,-7.8,-11.3,-3.8,0,50,93,16.9,42.1,1007,150
2018-03-02,-5.9,-9.9,-1.4,0,50,106,10.8,30.6,998.1,192
2018-03-03,-1.3,-6.6,2.4,0.4,60,92,8.3,22.7,998.2,66
2018-03-04,2.3,-5,8.2,0,60,131,7.2,28.4,999.7,378
2018-03-05,2.9,-0.6,8.3,0,10,81,8.6,26.6,996.3,270
2018-03-06,1.1,-1.7,4.5,0,10,17,5.8,15.5,991.8,0
2018-03-07,4.9,0.6,9.8,0.4,0,242,17.3,41.4,997.3,108
2018-03-08,5,1.7,10.1,0,0,235,16.6,39.6,1005.9,462
2018-03-09,6.7,0.3,12.4,0.1,0,176,9.4,36.4,1008.4,12
2018-03-10,8.4,4.5,12.5,1.5,0,172,9,27.4,1005.7,0
2018-03-11,8.3,2.3,13.8,4.6,0,103,6.8,18,997.8,78
2018-03-12,8.6,4.7,12.8,0.5,0,239,17.3,50.4,996.3,126
2018-03-13,6.9,4.2,9.9,3.1,0,252,26.3,60.8,1005.3,144
2018-03-14,4.7,1.6,8.5,0,0,318,11.2,25.9,1010.6,198
2018-03-15,5.2,0,11.1,0.2,0,109,13,44.3,999.3,192
2018-03-16,6.5,0.2,12,0.4,0,248,12.6,42.5,1000.8,216
2018-03-17,0.7,-3.1,3.3,4.6,0,60,17.3,46.1,998.1,0
2018-03-18,-3.7,-4.6,-2,0.1,40,63,17.6,39.6,1003.1,0
2018-03-19,-4.7,-5.5,-3.9,0,20,52,10.8,21.6,1009.2,0
2018-03-20,-2.7,-6.8,1.7,0.9,20,346,7.9,29.2,1015.6,510
2018-03-21,-1.7,-5.8,3.2,0,10,24,9.7,28.4,1025.4,420
2018-03-22,-0.9,-6.2,5,0.5,0,219,11.5,40.7,1018.9,270
2018-03-23,2.4,0.1,6.5,0,0,268,10.4,26.6,1007.9,48
2018-03-24,3.3,-2.4,8.9,0,0,90,13.3,52.2,1001.5,666
2018-03-25,3,-5.2,12,0,0,,5.8,22.7,1005.7,666
2018-03-26,3.8,-2,8.9,0.2,0,20,7.6,31.7,1012.3,90
2018-03-27,5.3,2.3,9.6,0.6,0,251,9,29.9,1013.2,384
2018-03-28,8.2,4,12.1,6.1,0,236,20.2,49,1004.5,84
2018-03-29,6.3,1.3,9.8,0,0,276,12.2,43.9,1006.5,276
2018-03-30,6.3,-2,14.2,0.1,0,137,12.2,45,1001.9,414
2018-03-31,6.1,3.7,9.4,0.4,0,285,11.9,39.2,998.6,42
2018-04-01,5.2,1.6,8.7,0.9,0,267,23.4,72.7,1008,114
2018-04-02,7.6,-2.2,15.1,0,0,180,10.1,24.1,1010,648
2018-04-03,12.8,5.5,19.6,0,0,177,7.6,20.9,1005.1,324
2018-04-04,12.2,5.3,22.1,0,0,185,14.8,70.6,1004.4,456
2018-04-05,8.3,0.1,14.5,1.4,0,260,20.9,58,1013.4,336
2018-04-06,6.3,-1.4,13,0,0,97,12.2,37.8,1020,738
2018-04-07,10,-0.1,19.2,0,0,96,7.2,23,1013,744
2018-04-08,11.5,0.5,20,0,0,75,6.8,23.8,1007.7,726
2018-04-09,11.6,2.9,20.1,0,0,66,5.4,24.8,1003.3,264
2018-04-10,11.8,4.1,18.3,6.6,0,118,8.3,42.8,1001.5,312
2018-04-11,12.3,7.6,17.9,0,0,112,12.6,31,1003.5,576
2018-04-12,14.4,6.8,21.5,0,0,134,10.1,32.8,998,354
2018-04-13,9.8,2.7,16.7,0.2,0,216,15.5,67,1007.5,234
2018-04-14,10.7,0.8,18.9,0,0,113,6.8,28.1,1017.6,684
2018-04-15,11.3,3.2,17.2,0.4,0,17,6.5,17.3,1011.2,114
2018-04-16,12.2,9.3,16.8,0.4,0,240,8.6,24.1,1013.6,60
2018-04-17,13.3,4.9,20.4,0,0,128,5.8,23.4,1023.6,678
2018-04-18,13.8,3.6,21.9,0,0,108,10.1,38.9,1029.2,774
2018-04-19,15.9,6.5,23.9,0,0,85,14.8,45.4,1026.2,774
2018-04-20,16.2,5.4,25.6,0,0,125,6.8,24.5,1021.6,774
2018-04-21,16.5,6.1,26.1,0,0,35,7.9,27.4,1017.4,762
2018-04-22,16.8,7.1,26.3,0.3,0,195,7.6,34.2,1013.7,666
2018-04-23,15.3,9.7,22.5,1.9,0,234,13.7,41.4,1015,204
2018-04-24,14.7,6.9,20.5,0,0,257,11.9,43.9,1016.1,600
2018-04-25,15.6,6.7,22.8,0,0,237,18,63.7,1011.5,546
2018-04-26,11,5.5,13.4,0,0,303,16.6,37.1,1016.4,30
2018-04-27,12.8,1.6,20.4,0,0,,11.9,36,,744
2018-04-28,14.9,6.6,22.1,0,0,74,8.6,28.1,1010,720
2018-04-29,17.4,7.6,26,0,0,110,13.3,38.5,1003.8,636
2018-04-30,14,8.3,19.6,1.7,0,244,15.8,65.2,1003.8,486
2018-05-01,10.9,6.5,14.9,0,,290,10.4,26.3,1011.2,150
2018-05-02,12,6.9,18.2,0,,30,8.3,22.7,1009.2,78
2018-05-03,14.2,8.7,19.6,0,,340,11.9,34.6,1010.7,186
2018-05-04,16,11.5,21,0,,59,16.6,34.6,1014.5,216
2018-05-05,16.3,10.9,22.6,0,,72,19.1,40.7,1017.7,552
2018-05-06,16.3,10.1,22.7,0,,62,16.2,34.9,1018.5,822
2018-05-07,15.4,7.8,23.8,0,,80,15.8,46.1,1015,828
2018-05-08,17,8,23.6,0,,78,14.8,39.6,1008.3,840
2018-05-09,15.2,6.9,23.1,0,,85,11.2,37.1,1005.1,702
2018-05-10,14,8.2,20.9,0.3,,228,18.7,45,1009.8,408
2018-05-11,13.4,8.3,20.1,0,,16,9,31.7,1016.6,396
2018-05-12,16.6,6.1,25.2,0,,70,9,30.2,1011.8,528
2018-05-13,16.5,8.9,25.6,13.4,,341,10.1,60.5,1005.7,534
2018-05-14,15.1,9.7,21.1,0.3,,348,7.9,36.7,1005.5,108
2018-05-15,12.3,7.6,19.3,3.6,,356,9,35.6,1009.4,240
2018-05-16,10.9,9.2,14.1,9.6,,265,11.5,26.3,1012.2,36
2018-05-17,12.4,8.7,16.4,2.3,,279,13,31.3,1015.3,12
2018-05-18,13.5,6.5,19.5,0,,332,6.5,23,1017.2,606
2018-05-19,12.9,6.2,19.7,16.8,,27,9.4,50,1017.3,420
2018-05-20,15.1,11.3,20.9,0,,78,13.7,42.5,1016.6,216
2018-05-21,16.7,9.8,23.1,0,,90,10.1,30.6,1011.9,780
2018-05-22,17.1,9.4,23.9,1.6,,77,9,29.9,1010.2,660
2018-05-23,17.6,13.4,22.7,6.3,,41,7.2,26.6,1014.3,300
2018-05-24,16.2,11.4,21.6,9.5,,66,6.5,27,1016.2,150
2018-05-25,17,8.9,24,0,,94,6.8,30.6,1016.6,780
2018-05-26,17.7,10.4,24.4,0,,55,7.9,23.4,1018.1,744
2018-05-27,19.2,11.7,26.5,0,,90,5.4,20.2,1016.2,648
2018-05-28,20.6,11.7,27.5,2,,79,9,43.9,1013.8,792
2018-05-29,19.5,12.6,26.1,0,,309,6.5,29.5,1011.5,516
2018-05-30,20.4,13.9,25.9,4.9,,67,9.4,50,1012.5,678
2018-05-31,20,13.2,27.7,2.9,,354,8.6,40,1012,708
2018-06-01,18.7,14.1,23.8,0.5,,278,9.7,31.7,1016.1,342
2018-06-02,18.3,11.8,23.4,0,,344,6.8,27,1016.8,696
2018-06-03,19,11.2,26,0,,82,6.8,25.6,1014.5,720
2018-06-04,20.4,12.5,26.9,0,,45,9.4,34.2,1008.2,834
2018-06-05,20.6,10.7,27.1,0,,42,8.6,31.3,1007.5,774
2018-06-06,19.5,14.8,26.7,13.1,,67,9,28.8,1009.6,492
2018-06-07,19.2,13.3,26,0,,191,6.8,22.7,1012.3,318
2018-06-08,20,14.6,26.6,0.5,,24,8.3,30.6,1009.7,408
2018-06-09,19.7,14.8,26.9,0,,278,9.4,38.2,1009.7,486
2018-06-10,19.1,13,25.4,2.8,,280,6.8,46.1,1010,522
2018-06-11,20.6,13.6,29.4,11.3,,123,6.5,58.3,1007.2,540
2018-06-12,18.2,15.1,23.8,30.9,,297,8.3,36,1006.6,216
2018-06-13,13.6,11.7,15.8,0,,347,14.4,34.2,1010.5,0
2018-06-14,13.7,8,19.2,0,,28,4.7,16.9,1015.2,204
2018-06-15,14.8,7.4,20.8,0,,68,6.5,22.7,1015.4,618
2018-06-16,16.9,6.8,24.7,0,,97,5,25.2,1014,738
2018-06-17,17.8,11,23.1,0,,334,9,28.4,1015.9,216
2018-06-18,17.8,12.6,23.5,0,,317,8.3,25.2,1020.3,252
2018-06-19,18.5,10.5,24.9,0,,317,7.2,26.3,1022.2,492
2018-06-20,20.5,11.2,27.7,0,,113,6.1,36,1018.6,828
2018-06-21,20.2,12.1,28.1,4.2,,278,16.6,48.6,1014.1,492
2018-06-22,11.8,4.9,16.1,0,,317,16.6,51.5,1022.4,624
2018-06-23,12.5,3.3,18.3,0,,350,10.4,32.8,1022.9,438
2018-06-24,15.1,10.1,19.5,0.7,,355,7.2,23,1019,300
2018-06-25,15.1,8.3,20.8,0,,338,7.9,22.3,1020,222
2018-06-26,14.7,6.8,20.9,0,,10,6.8,25.9,1021,102
2018-06-27,15.2,6.6,22.8,0,,39,9.4,41,1019.6,540
2018-06-28,13.7,6.6,16.7,19.8,,12,7.9,36.7,1017.4,36
2018-06-29,18,13.9,24.6,0.5,,9,6.1,22,1013.5,288
2018-06-30,19.7,12.1,26.1,0,,87,9.7,27.7,1011.7,852
2018-07-01,16.7,8.9,22.3,0,,75,12.6,34.6,1014.2,900
2018-07-02,16.4,7.1,23.6,0,,68,9.4,31,1013.5,900
2018-07-03,18.7,7.3,26.4,0,,135,7.2,29.5,1014.2,840
2018-07-04,19.3,13.4,27.2,12,,156,7.6,45.7,1013.8,402
2018-07-05,18.3,11.3,25.1,4.5,,228,10.4,46.8,1012.5,246
2018-07-06,17.4,13.4,21.1,6,,278,13,33.8,1016.1,96
2018-07-07,17.8,10.1,24,0,,307,7.6,32.8,1019.8,726
2018-07-08,18.2,10.3,24.5,0,,28,8.6,33.1,1018.8,750
2018-07-09,19.2,9.3,26.7,0,,352,5,22.3,1016.9,672
2018-07-10,16.7,12.4,22.6,2.5,,325,7.9,44.6,1013.7,144
2018-07-11,13.9,8,19.2,0,,336,9.4,31.7,1014.5,378
2018-07-12,15.4,7,22.8,0,,39,7.9,24.5,1015.9,402
2018-07-13,18.5,7.4,26.9,0,,29,5,20.5,1017.1,858
2018-07-14,18.8,10.3,27.1,0.3,,93,6.1,28.8,1016.1,510
2018-07-15,18,11.3,27.1,7.3,,122,6.5,33.5,1014.1,522
2018-07-16,17.9,11.7,24.7,0.7,,91,6.5,27,1011.9,318
2018-07-17,18.6,10,26.9,0.1,,220,9.4,42.8,1013.2,576
2018-07-18,19.7,11.4,27.3,0,,262,7.9,25.6,1014.7,672
2018-07-19,19.4,10.4,27.8,0,,44,6.1,23.4,1014.5,816
2018-07-20,20.7,10.2,28.6,6,,94,5.8,24.5,1011.2,540
2018-07-21,17.7,16.5,20.1,30.3,,211,6.1,23.4,1010.7,36
2018-07-22,17.5,16,19.8,7.8,,283,9,25.9,1012.4,12
2018-07-23,19.8,16,25.6,0,,299,6.1,22.3,1015,468
2018-07-24,21.2,14.2,28.2,0,,107,7.2,25.6,1012.9,816
2018-07-25,21.2,12.9,30.3,1.2,,82,7.6,55.8,1012.5,750
2018-07-26,21.2,13.5,28.4,0,,77,7.2,28.1,1012.9,816
2018-07-27,22.4,16.2,29.5,0,,84,7.2,25.2,1010.6,630
2018-07-28,21.9,14.3,27.9,0,,212,13.3,40.7,1009.2,444
2018-07-29,22.2,14.7,29.1,0,,130,5.4,20.5,1013.1,750
2018-07-30,23.3,14.7,31.6,0,,116,5.4,19.1,1013.7,804
2018-07-31,24,14.2,33.2,0,,115,5,21.6,1014.1,822
2018-08-01,24.6,15.1,32.8,0,,58,9.7,39.2,1015.1,762
2018-08-02,22.2,16,30,0,,312,9,45.4,1018.4,558
2018-08-03,24,15.5,32.1,0,,66,6.5,24.8,1016.8,762
2018-08-04,24.9,15.1,33.5,0,,65,5,19.8,1014.5,678
2018-08-05,23.2,15.7,29.8,0,,29,8.6,30.6,1015.4,780
2018-08-06,23.4,15.8,30.8,0,,53,6.8,24.1,1014.2,774
2018-08-07,22.9,15.7,30.6,0,,204,6.8,30.2,1011.6,372
2018-08-08,21.5,14.8,29.2,9.3,,145,7.6,45.4,1012.3,390
2018-08-09,23.7,15,33.5,1.3,,156,9.9,56.9,1011.8,708
2018-08-10,16.8,11,20.3,1.4,,219,10.5,25.9,1022,150
2018-08-11,16.6,9.2,24.2,0,,250,9.4,34.2,1021.3,648
2018-08-12,18.9,6.5,28.9,0,,121,6.1,20.9,1014.6,816
2018-08-13,20.3,13.5,28.7,2.2,,197,10.4,43.6,1009.1,366
2018-08-14,19.6,15.5,25.1,0,,290,11.9,34.2,1013.3,348
2018-08-15,18.9,11.9,25,0,,329,5,22,1017.9,558
2018-08-16,19.3,10.1,27.7,0,,117,6.8,31.7,1015,798
2018-08-17,20.8,10.5,29.7,0.1,,31,5.8,26.3,1013.2,684
2018-08-18,20.3,14.3,27.3,0,,298,6.8,22.3,1018.2,342
2018-08-19,20.7,12,30,0,,60,4.7,22,1018,630
2018-08-20,21.5,13.6,29.4,0,,321,7.2,33.8,1016.7,654
2018-08-21,21.4,12.7,29.1,0,,41,6.1,34.2,1016.8,720
2018-08-22,23,13.3,31.7,0,,105,5.4,23,1014.4,762
2018-08-23,21.6,14.7,28.2,0,,209,10.1,36,1011.9,420
2018-08-24,17.1,10.8,22.9,3.9,,248,12.2,38.9,1011.5,108
2018-08-25,13.1,10.3,16.6,5,,260,11.2,28.8,1013,0
2018-08-26,12.2,4.9,18.3,0,,267,6.5,22.7,1016.3,648
2018-08-27,16.5,5,24.6,0,,217,10.1,34.6,1014.7,390
2018-08-28,18.5,11.5,25.1,0,,42,5,20.5,1016.9,516
2018-08-29,19.4,8.1,29.8,8.5,,235,8.3,38.5,1012.7,648
2018-08-30,17,12,20.4,0,,300,12.6,31.3,1017.4,126
2018-08-31,13.7,12.3,14.9,3.9,,41,6.8,20.2,1018.3,0
2018-09-01,12.5,11.2,13.7,5.6,,21,11.5,32,1021.1,0
2018-09-02,13.3,11.3,15.3,0.8,,23,6.1,14.4,1019.2,0
2018-09-03,15.8,13.1,19.6,0,,309,5.4,19.1,1014.5,42
2018-09-04,15.4,12.5,19.7,16,,304,7.6,21.6,1014.6,144
2018-09-05,16.8,10.4,23.7,0,,107,6.1,22.3,1015,600
2018-09-06,17.5,9.7,24.7,1.7,,145,6.1,34.2,1010.4,456
2018-09-07,16.6,11.2,20.8,0.3,,284,9.4,30.2,1013.2,168
2018-09-08,15.3,10.1,22.2,0,,79,4.3,14.4,1019.4,492
2018-09-09,16,9.1,24.5,0,,181,5.8,24.5,1020.4,702
2018-09-10,17.1,7.2,25.4,0,,197,6.5,23.8,1021.6,594
2018-09-11,18.3,9.8,27.2,0,,187,8.6,34.9,1022.7,690
2018-09-12,19.5,10.9,28.8,0.2,,189,7.2,25.6,1019.4,708
2018-09-13,18.4,12.5,25.4,12.3,,197,6.8,37.8,1016.1,198
2018-09-14,16.6,13.2,21.5,0,,329,5,15.8,1018,240
2018-09-15,15.2,8.7,20.8,0,,351,6.8,24.1,1021.9,444
2018-09-16,14.9,5.3,22.6,0,,75,6.5,27,1021.4,612
2018-09-17,17.7,8.9,26.1,0,,143,5,15.8,1018.5,684
2018-09-18,19.1,9,27.4,0,,195,9.4,38.2,1015.9,612
2018-09-19,18.5,11.7,26.6,0.7,,161,7.2,18.7,1019.1,510
2018-09-20,19.3,12.1,27.3,0,,155,7.9,20.5,1017.4,684
2018-09-21,17.9,10.8,27.9,1.1,,219,16.2,57.2,1012.7,432
2018-09-22,13.3,9.2,17.4,5.5,,258,11.9,30.6,1021,438
2018-09-23,16.5,9.5,24.7,12.5,,245,23.8,80.6,1012.5,180
2018-09-24,8.1,2.1,13.1,0,,330,13.7,36,1030,354
2018-09-25,5.9,0.2,12.2,0,,81,9.4,27.4,1036.9,660
2018-09-26,8,-0.2,17.2,0,,88,6.5,19.1,1033.8,594
2018-09-27,11.9,3.2,21.9,0,,143,5.8,15.1,1027.6,666
2018-09-28,13.3,5.4,20.6,0,,93,10.4,37.4,1020.5,606
2018-09-29,9.6,3.3,15.5,0,,65,15.5,35.3,1023.7,528
2018-09-30,9.6,-0.9,19.6,6.5,,40,5,20.5,1016.2,642
2018-10-01,10,6.1,12.8,1.2,,298,13,36.7,1014.5,66
2018-10-02,8.4,3,11.1,0,0,275,17.6,45,1021.6,252
2018-10-03,9.8,3.4,13.3,0,0,261,15.8,38.2,1024.3,0
2018-10-04,8.2,1.7,16.5,0,0,102,5.4,20.9,1026.3,426
2018-10-05,9.7,0.8,19.9,0,0,126,4.7,15.8,1020.2,636
2018-10-06,13.5,5.5,23,0,0,171,5.8,18.4,1012.3,324
2018-10-07,15.1,10.9,21.3,0.1,0,129,6.1,20.9,1012.8,288
2018-10-08,11.9,7.4,16.7,0.2,0,52,7.6,23,1019.4,144
2018-10-09,10.2,5.4,16,0.2,0,58,4.7,14.8,1021.3,60
2018-10-10,11.8,5,19.7,0,0,114,6.5,25.6,1017.3,246
2018-10-11,13.8,3.4,23.6,0,0,71,5.4,17.3,1014.4,570
2018-10-12,15.5,7.8,23.9,0,0,141,6.1,21.6,1021.7,612
2018-10-13,13,3.9,22.7,0,0,112,6.8,32.4,1020.3,600
2018-10-14,13.3,4.6,23.5,0,0,114,6.8,27,1013.1,606
2018-10-15,11.9,3.8,22.7,0,0,118,5.4,21.2,1013.7,600
2018-10-16,11.2,2.4,22.6,0,0,146,4,11.9,1017.7,594
2018-10-17,10.6,3.4,20.3,0,0,113,5,16.9,1018.1,588
2018-10-18,10.2,2.1,19,0,0,82,4.7,19.8,1018.8,540
2018-10-19,9.7,2.6,17,0,0,18,6.5,24.1,1021.3,390
2018-10-20,8.2,2.9,16.3,0,0,155,4,12.6,1026.8,126
2018-10-21,6.9,-0.4,14.3,0,0,89,8.6,31.3,1027.1,474
2018-10-22,6.1,-3.8,13.1,0,0,21,6.1,27,1027.4,564
2018-10-23,10.3,7.6,12.7,0,0,271,16.9,55.1,1024.7,6
2018-10-24,11.3,10.5,12.6,1.9,0,272,25.9,53.6,1020.6,0
2018-10-25,10.8,6.7,13.7,0,0,282,14,37.8,1018.3,96
2018-10-26,9.5,3.2,15.7,2.6,0,229,6.5,25.9,1009.5,384
2018-10-27,5.1,2.7,7.3,29.2,0,128,8.3,31,1007.6,0
2018-10-28,2,0.3,3,4.9,10,51,16.9,38.9,1005.2,0
2018-10-29,5.7,2.8,11.6,1.8,0,70,12.6,49.7,995.6,0
2018-10-30,6.1,-0.3,11.2,0,0,206,14.4,43.2,998.7,24
2018-10-31,4.8,-1.9,10.4,0,0,102,6.8,34.2,1015.4,204
2018-11-01,7.3,1.5,15.2,0,0,36,6.8,27.7,1012.2,246
2018-11-02,6.6,1.7,10.7,0,0,71,4.3,14.8,1021.8,36
2018-11-03,8.8,6.8,10.7,0,0,39,7.9,24.1,1023.8,0
2018-11-04,9.2,8.6,9.7,0,0,116,9.7,21.2,1015.6,0
2018-11-05,9.9,3.2,17,0,0,102,6.1,19.4,1008.8,294
2018-11-06,6.9,-0.1,14.9,0,0,359,4.7,18.7,1008.6,156
2018-11-07,7,1.3,14.2,0.2,0,100,5.8,18,1012.4,450
2018-11-08,8.4,4.6,12.8,0.3,0,102,6.8,25.9,1019.3,48
2018-11-09,7.8,6.7,9.3,0,0,84,6.1,19.1,1015.7,0
2018-11-10,7,5.3,8.7,0.1,0,125,8.3,19.1,1010.9,6
2018-11-11,8.5,3.7,13.9,0.8,0,160,7.2,19.1,1014.1,108
2018-11-12,5.5,1.1,12.1,0,0,61,5.4,17.3,1019.4,480
2018-11-13,5,-0.1,10.3,0.2,0,230,7.2,26.6,1027.3,42
2018-11-14,2.8,-0.5,5.7,0,0,125,6.8,19.8,1030.5,0
2018-11-15,4.2,3.4,5.1,0,0,112,7.6,18.7,1027.3,0
2018-11-16,2,-0.3,5.7,0,0,78,9.7,41.8,1028.1,180
2018-11-17,2.1,-1.8,7.9,0,0,74,15.1,43.2,1026.6,498
2018-11-18,0.9,-2.2,5.1,0.1,0,60,11.9,34.6,1022.2,486
2018-11-19,0,-1.7,1.1,0,0,75,16.9,45,1011.9,72
2018-11-20,1.3,-2.7,5.7,0,0,93,12.2,38.2,1006.3,276
2018-11-21,-0.3,-2.2,0.9,0,0,85,9,24.8,1014.7,0
2018-11-22,0.9,-1.7,2.8,0,0,132,5.4,11.9,1019.8,12
2018-11-23,0.9,-0.5,2.3,0.1,0,124,9.4,28.1,1018.8,0
2018-11-24,3.7,-0.3,8.9,2.8,0,192,8.3,27.4,1013.3,144
2018-11-25,1.2,-2.4,4.1,0.1,0,65,7.9,25.6,1009,0
2018-11-26,1.8,0.1,3.2,10.8,0,41,9,24.1,1006.8,0
2018-11-27,0.5,-1.9,2.6,1.4,40,327,3.2,8.3,1017.9,0
2018-11-28,-0.6,-2.7,0.3,0,10,131,11.5,27.4,1025.4,78
2018-11-29,-0.3,-1.5,1.9,1.4,0,123,10.1,23.4,1021.6,192
2018-11-30,1,-0.7,5.3,3.7,0,121,5,19.4,1016.5,0
2018-12-01,4.7,0.5,8.3,0,0,220,8.3,22.7,1017,138
2018-12-02,6.9,2.2,10.3,4.6,0,208,20.2,61.6,1008.8,0
2018-12-03,11.3,9.4,13.4,6.4,0,241,26.3,63.4,1006.1,6
2018-12-04,6.9,1.7,9.7,0.1,0,277,15.8,42.1,1018.1,12
2018-12-05,3.6,0.3,5.2,1.4,0,117,8.3,23.8,1024.7,0
2018-12-06,7.1,3,10.1,0,0,203,11.2,29.9,1019.9,6
2018-12-07,9.9,6.5,12.5,1.3,0,248,20.9,72,1012.5,12
2018-12-08,6.1,3.4,7.5,4.2,0,256,34.6,73.8,1011.2,162
2018-12-09,5.8,3.9,8.1,12.6,0,261,29.9,75.2,1005,0
2018-12-10,2.6,0.1,4.9,3.1,0,285,20.9,50,1019.1,6
2018-12-11,0.9,0,1.9,1.2,0,267,17.3,39.6,1022.1,18
2018-12-12,0.5,-0.7,1.8,0,0,319,8.6,23,1021.6,0
2018-12-13,-1,-1.7,-0.4,0,0,77,15.1,33.8,1016.4,0
2018-12-14,-2.3,-2.7,-1.6,0,0,101,10.8,30.2,1019.7,0
2018-12-15,-2.4,-6.4,-1.6,0,0,110,8.6,25.9,1023.6,0
2018-12-16,-2.4,-5.8,0.4,0.6,0,130,7.2,22,1015.5,0
2018-12-17,1,-1.4,3.1,0,10,222,7.9,25.9,1022.5,12
2018-12-18,1.3,-2,5.9,0,0,128,8.6,31,1025.1,408
2018-12-19,0.6,-1.5,2.8,2.9,0,147,6.8,16.6,1017.9,0
2018-12-20,4.4,1.8,7.5,0,0,233,14,39.6,1018,186
2018-12-21,6.9,3.4,10,6.4,0,232,28.4,76,1014.2,0
2018-12-22,9.1,6.7,10.9,5,0,264,27.4,62.3,1015.8,6
2018-12-23,7.7,6,10.6,20.7,0,258,20.2,54.7,1019.8,0
2018-12-24,4.6,1.2,10.8,2.2,0,300,19.8,78.8,1023.9,60
2018-12-25,-0.4,-4.3,1.8,0,0,289,6.5,18.4,1035.1,72
2018-12-26,-2.9,-4.6,-1.6,0,0,253,5.8,15.1,1033.3,30
2018-12-27,-3.1,-4.7,-1,0,0,113,3.6,10.4,1028.9,24
2018-12-28,-1.1,-3.9,4.7,0,0,225,4.3,18.4,1028.7,366
2018-12-29,-0.6,-2.4,1.5,0.5,10,271,12.2,37.1,1032.4,0
2018-12-30,2.9,0.4,4.4,0.2,0,264,20.5,41,1031,0
2018-12-31,3.7,2.6,4.9,2.3,0,261,10.8,25.2,1032.5,0
2019-01-01,3.9,2.6,5,3.1,0,251,19.8,54,1027.9,0
2019-01-02,0.2,-2.8,3.1,0.5,10,309,20.9,58.7,1029.3,42
2019-01-03,-2.2,-4.5,-0.7,0,0,284,11.5,28.4,1035.8,54
2019-01-04,-1.1,-1.9,-0.1,1.6,0,270,15.8,40,1034.3,0
2019-01-05,0.3,-0.4,1.2,9.5,50,266,24.1,46.8,1027.2,0
2019-01-06,1.3,0.5,1.8,3.9,40,273,13.3,25.2,1028.8,0
2019-01-07,1.5,0.1,2.4,0.9,10,272,13.7,31.7,1030.8,0
2019-01-08,1.8,0.6,4.1,7.2,0,257,29.5,58.7,1016,66
2019-01-09,-0.3,-1.6,1.5,10.3,30,303,20.5,50.8,1011.7,0
2019-01-10,-1.4,-3.7,-0.8,2,180,342,11.9,23,1020.4,0
2019-01-11,-3.2,-7.3,-1.1,1.2,180,257,12.2,37.4,1024.7,48
2019-01-12,0.8,-1.1,2.4,3.8,180,257,25.6,51.8,1020.4,0
2019-01-13,2.4,0.9,5.2,7.7,100,254,29.2,59.8,1008,0
2019-01-14,2.3,0,4.8,4.8,0,290,22.7,46.8,1009.4,0
2019-01-15,1.6,-0.4,3.5,0,20,263,18.4,35.3,1020.6,78
2019-01-16,1.3,-2.9,5.5,0,0,206,10.4,24.8,1014.4,432
2019-01-17,4.1,0.3,8.1,2,0,248,21.2,48.6,1007.8,12
2019-01-18,-0.8,-3.4,2.1,0,0,298,12.6,37.4,1017.9,84
2019-01-19,-4.3,-8.7,-1.3,0,0,100,8.3,25.9,1016.4,246
2019-01-20,-6,-10.3,-2.7,0,0,85,5,15.1,1016.3,108
2019-01-21,-4.2,-6.7,-2.6,0,10,37,6.1,14,1020,0
2019-01-22,-4,-5.2,-3.4,0,10,187,8.6,21.6,1011.2,0
2019-01-23,-4.7,-5.5,-4,0,10,90,9,18,999.3,0
2019-01-24,-4.1,-7,-1.9,0.1,10,341,6.5,18,1008.1,0
2019-01-25,-3.9,-5.2,-2.3,0.7,10,266,11.2,27,1016.3,36
2019-01-26,0.8,-2.5,3.8,0,10,245,22,47.5,1010.9,6
2019-01-27,3.7,1,7.4,0.1,10,220,18.4,51.8,994.7,78
2019-01-28,1.3,-0.2,2.7,0.2,10,253,27.7,55.4,998.1,24
2019-01-29,-0.3,-3,2.7,0,10,243,13.3,33.8,1005.5,48
2019-01-30,-1,-5.5,4,0,0,182,14.8,66.2,997.3,42
2019-01-31,-1.1,-7,3.3,0,0,162,8.6,32,997.9,384
2019-02-01,0.4,-1.1,1.8,0.3,10,68,6.8,24.1,991.4,0
2019-02-02,1.5,-0.1,6.1,1.2,10,133,5,14.4,996.1,150
2019-02-03,-0.2,-1.6,1.5,10.2,0,329,15.5,36.7,1012.9,0
2019-02-04,-3.3,-10.4,0.9,0,120,125,6.5,25.6,1029.5,426
2019-02-05,-4.6,-6.7,-1.6,0,90,158,5.4,15.1,1030.3,0
2019-02-06,-5.1,-7.4,-1.7,0,70,157,5.4,16.2,1028.3,0
2019-02-07,-2.4,-10.3,2.8,3.1,70,191,9,30.6,1018.6,0
2019-02-08,2.6,-0.6,7.2,0.1,40,196,11.2,33.8,1018.5,420
2019-02-09,5,-1.2,9.6,0,20,216,15.8,45.4,1013.4,150
2019-02-10,6.2,2.8,11.3,1.6,0,201,21.2,81.4,1004.8,54
2019-02-11,2.3,0,4.1,1.4,0,277,24.8,58,1016.5,12
2019-02-12,1,-0.9,3.2,0,0,281,14.4,35.3,1033.3,18
2019-02-13,1,-3.5,7.7,0,0,161,6.1,13.7,1037.2,504
2019-02-14,1.2,-3.9,10.5,0,0,120,5.4,14.4,1036.9,462
2019-02-15,2.6,-5,12.5,0,0,141,5,24.5,1033.6,558
2019-02-16,2.3,-4.9,14.4,0,0,151,5,13,1029.4,558
2019-02-17,4.2,-3.4,17.1,0,0,156,7.6,18.4,1025.5,564
2019-02-18,3,-5,13.6,0,0,148,5.8,14,1021.2,570
2019-02-19,4.8,-3.7,12.1,0,0,215,10.1,32.4,1020.4,336
2019-02-20,5.9,3.2,10.1,0,0,52,5,24.8,1023.9,120
2019-02-21,6.9,-0.7,13.2,0.3,0,211,7.6,25.6,1027.3,324
2019-02-22,7.1,2,10.5,0,0,332,12.2,27.4,1032.3,18
2019-02-23,1.1,-3.9,6.1,0,0,86,13.7,37.4,1038.6,552
2019-02-24,0.1,-5.5,7.3,0,0,71,7.6,24.5,1038.3,378
2019-02-25,3.3,-5.2,14,0,0,36,6.5,24.8,1037,582
2019-02-26,4.9,-3.5,16,0,0,125,4.7,14,1033.4,558
2019-02-27,5.5,-3.2,16.7,0,0,141,5.4,14,1027,600
2019-02-28,9.7,0.5,18,1.3,0,235,18.7,57.6,1017,558
2019-03-01,7.1,5.9,9.3,2.9,0,263,18.4,42.8,1014.6,8
2019-03-02,6.4,5,8.2,0.2,0,257,14.8,29.5,1017.2,0
2019-03-03,9.3,6.3,13.8,0,0,251,19.8,48.2,1013.3,389
2019-03-04,8.1,3.5,14.5,2.4,0,235,28.4,96.1,1002.8,186
2019-03-05,5,2.3,9.4,4.2,0,258,25.2,59.8,1010.8,160
2019-03-06,6.3,0.3,13,0,0,148,10.1,29.5,1007.9,371
2019-03-07,6.4,-0.1,11.7,0.7,0,215,16.6,62.3,1003.4,197
2019-03-08,6.5,2.5,11.1,0,0,242,19.4,57.2,1014.7,180
2019-03-09,8.4,4.3,11.1,2.8,0,251,29.9,69.1,1016.3,11
2019-03-10,9.5,4,13.8,6.4,0,259,34.2,96.8,1010.9,104
2019-03-11,2.8,-0.2,5.3,0.4,0,272,26.3,68.8,1019.4,165
2019-03-12,4.2,-0.1,8.8,0,0,229,17.3,41,1019.8,415
2019-03-13,5.7,3,9.3,0.6,0,251,28.4,65.5,1010.9,202
2019-03-14,3.8,2.8,5.6,7.3,0,251,30.6,74.9,1009,0
2019-03-15,6.8,2.6,9.8,12,0,252,26.6,63.7,1009.7,0
2019-03-16,10.2,3.1,14.3,0,0,260,26.3,64.1,1011.4,255
2019-03-17,8.7,2.9,16.7,1.7,0,235,22.3,66.2,1007.1,353
2019-03-18,3.2,-1.1,7.1,0.1,0,260,15.5,43.2,1019.1,221
2019-03-19,1.5,-3.8,8.2,0,0,46,6.1,28.1,1027.5,289
2019-03-20,1.5,-5.6,9.1,0,0,81,5.8,32,1034,674
2019-03-21,3.7,-3.9,13,0,0,65,10.4,40,1032.8,680
2019-03-22,5.2,-3.4,15.8,0,0,130,6.8,27,1029.7,585
2019-03-23,7.9,-2.2,18,0,0,149,6.5,22.7,1026.6,678
2019-03-24,7.5,-1.7,17.5,0,0,340,7.9,34.6,1022.4,583
2019-03-25,4.9,0.1,8,0.6,0,285,17.6,68.8,1020.7,341
2019-03-26,3.4,-3.9,7.8,1.8,10,313,9.4,28.8,1028.4,144
2019-03-27,4.4,1.2,8.4,0,0,321,5.8,18.4,1031.3,28
2019-03-28,7.4,2.2,12.6,0,0,60,9.4,27,1031.9,308
2019-03-29,7.9,0.9,14.4,0,0,90,14,41.8,1029,666
2019-03-30,7.2,-2,18,0,0,87,5,17.3,1023.4,706
2019-03-31,9.1,-0.7,17.8,0,0,,9,36.4,1019.2,674
2019-04-01,9,4.3,14.9,0,0,70,16.2,39.6,1017.1,539
2019-04-02,10.6,-0.3,20.3,0,0,109,7.2,36,1009.4,595
2019-04-03,10.7,1.8,18.1,0,0,101,11.9,51.1,1000.9,421
2019-04-04,5.1,2,11,0,0,315,14.4,40.7,998.6,90
2019-04-05,4.4,-0.2,7.8,0,0,339,7.9,20.2,1004.2,0
2019-04-06,8.8,0.9,15.2,0,0,76,10.8,37.4,1002.7,407
2019-04-07,8.8,-0.4,15.8,0,0,32,6.5,23.4,1003.4,435
2019-04-08,10,8.4,12.5,1.1,0,255,10.4,25.2,1008.5,0
2019-04-09,10.2,7.9,15.5,10.3,0,282,5.8,34.9,1007.9,95
2019-04-10,9.3,6.6,12.2,0.2,0,31,11.5,36,1008.7,19
2019-04-11,6.2,3.3,10.1,0,0,44,14.4,31.7,1015.7,20
2019-04-12,3.9,-1.3,8.1,0,0,50,13.7,34.2,1018.9,118
2019-04-13,5.5,1.7,9.8,0,0,79,12.2,34.9,1017.4,288
2019-04-14,5.3,0,9.6,0,0,48,12.6,36.4,1018.1,246
2019-04-15,8.6,4.1,14.5,0,0,80,14.4,42.8,1020.3,627
2019-04-16,9.4,-1,18,0,0,43,6.1,18.4,1016.9,671
2019-04-17,11.2,3.4,17.8,0,0,104,11.5,43.2,1020.6,681
2019-04-18,12.9,3.5,19.4,0,0,84,18.7,45,1021.9,771
2019-04-19,13.1,4.5,20.9,0,0,84,11.2,32,1025.5,780
2019-04-20,12.9,2.5,21.5,0,0,71,10.8,35.3,1025,782
2019-04-21,11.8,-0.7,21.8,0,0,88,10.8,38.5,1018.2,779
2019-04-22,14.8,5,22.7,0,0,79,16.2,48.6,1006.7,749
2019-04-23,14.9,8,21.5,0,0,95,15.1,45,998.3,173
2019-04-24,15.1,5.4,25.3,0,0,102,11.9,54,1002.6,513
2019-04-25,16.1,5.3,25.3,0,0,150,14,43.2,1007.7,719
2019-04-26,8.1,5.8,11.4,1.3,0,279,16.9,40,1013.9,162
2019-04-27,8.8,2.9,13.6,7,0,253,18.4,54.4,1016.4,256
2019-04-28,5.3,1.4,10.8,0.6,0,271,10.8,31.7,1019.7,205
2019-04-29,6.3,1.4,10.6,6.2,0,350,11.2,33.1,1020,21
2019-04-30,8.7,2.6,13.4,0.1,0,292,13,34.6,1017.5,208
2019-05-01,9.3,-1,18.2,0,,175,4.7,24.1,1014.9,777
2019-05-02,11.4,3.1,19,4,,240,12.2,61.6,1008.9,497
2019-05-03,9.2,2.6,12.6,0.9,,279,11.5,26.6,1009.5,10
2019-05-04,4.5,0.7,11.9,7.2,,260,13.7,49.7,1007.7,93
2019-05-05,3.4,-2,7.8,0,,354,11.2,34.9,1015.8,87
2019-05-06,4.1,-1.8,9.1,0,,340,6.5,29.2,1019.7,226
2019-05-07,6.6,-2.3,13.7,0,,94,6.1,19.8,1017.2,561
2019-05-08,10,4,15.1,0.5,,150,9,38.9,1006.2,0
2019-05-09,10.9,6.3,16.4,2.9,,252,19.8,60.8,1002.9,329
2019-05-10,10.4,6,15.9,4.1,,241,13,36.7,1010.7,184
2019-05-11,11,7.1,15,4.2,,214,18,49.3,1011.1,24
2019-05-12,6.8,4.3,9.9,3.3,,333,14.4,41.4,1026.8,0
2019-05-13,8.8,3.2,14.3,0,,71,13.7,37.4,1031.7,429
2019-05-14,6.8,-0.5,12.4,0,,40,13.7,56.5,1027.2,564
2019-05-15,6.9,1.4,11.1,0,,36,12.2,29.2,1021.3,126
2019-05-16,7.9,3.4,11.2,0,,57,8.3,20.5,1013.7,0
2019-05-17,12.1,2.7,19.9,0,,87,9.7,34.2,1005.7,641
2019-05-18,13.8,4.7,20.8,0,,34,7.6,29.9,1003.1,606
2019-05-19,14.4,4.2,22.9,5.5,,313,7.9,26.3,1001.3,505
2019-05-20,12.6,11.5,14.8,48.8,,299,15.5,45.4,1001.5,0
2019-05-21,11.3,10.6,11.8,14.3,,269,25.2,52.6,1007.8,0
2019-05-22,11,5,14.2,0,,299,14.4,31.3,1017.1,70
2019-05-23,11.2,3.1,18.3,0,,64,5.8,22.7,1018.2,796
2019-05-24,13.9,3.2,21.6,0,,74,5,19.8,1013.8,810
2019-05-25,14.6,7.1,21.6,0,,306,7.2,37.1,1013.8,283
2019-05-26,15.2,8.2,21.2,0,,251,5.4,16.6,1014.1,436
2019-05-27,14.8,7.4,20.6,37.6,,176,6.5,20.9,1008.9,406
2019-05-28,12.8,9.9,15,1.4,,266,11.9,38.5,1007.2,22
2019-05-29,11.4,8,14.7,0,,345,10.4,29.5,1018.3,65
2019-05-30,12.7,4.8,18.7,0,,108,5,21.6,1024.7,690
2019-05-31,15.8,10.6,21.5,0,,165,4.7,15.5,1024.3,269
2019-06-01,17.1,8,24.9,0,,126,5.8,31.7,1021.2,814
2019-06-02,19.7,9.4,26.7,0,,128,9.4,29.5,1016.3,893
2019-06-03,19.6,9.6,29.3,0.9,,174,8.3,55.1,1013.8,671
2019-06-04,20.6,10.8,27.6,0,,126,9.7,26.3,1010.4,856
2019-06-05,21.2,10.9,28.4,0,,96,9.7,29.2,1004.8,878
2019-06-06,15.5,7.7,19.4,0,,306,14,41,1010.9,229
2019-06-07,17.3,6.3,26.1,0,,91,13.7,55.4,1011.2,870
2019-06-08,15.7,8.6,21.7,0,,245,11.2,35.6,1022,484
2019-06-09,16.5,6.3,24.3,0.6,,256,8.6,36.4,1019.7,458
2019-06-10,16.3,11.8,23.2,7.4,,318,8.3,46.8,1012.2,263
2019-06-11,16.6,12.9,21.6,0,,342,11.5,35.3,1008.8,206
2019-06-12,14.3,11.5,18.2,0.2,,312,9.7,36.7,1009.5,59
2019-06-13,17.5,10.6,23.9,0,,34,5.8,22,1013.6,812
2019-06-14,20.6,8.8,28.6,0,,87,9.4,33.5,1012.9,685
2019-06-15,20.3,14,24.6,31.9,,302,14,48.2,1011.8,462
2019-06-16,16,10.6,20.2,0,,308,11.2,41.4,1019.7,223
2019-06-17,17.1,8.2,24.5,0,,59,9,33.5,1017.8,509
2019-06-18,20,11.4,27,0,,15,5.4,25.9,1013.3,794
2019-06-19,22,15.3,29.5,0.2,,203,6.8,29.5,1009.4,675
2019-06-20,18.9,12.8,24.1,1.7,,244,10.8,41,1012.4,358
2019-06-21,18.1,10.6,24.1,0,,354,6.5,27.7,1016,449
2019-06-22,17.3,12.8,23,36.5,,36,9.7,37.8,1014.9,131
2019-06-23,18.2,14.2,23,2.7,,89,7.2,29.9,1016.7,193
2019-06-24,21.5,15,27.4,0,,97,13.7,39.6,1018.3,892
2019-06-25,23.4,14.1,31.6,0,,92,5.8,17.3,1018.5,888
2019-06-26,25.4,15.8,34.6,0,,78,5,16.2,1020.3,870
2019-06-27,24.5,13.3,31,0,,8,10.1,33.1,1019.9,870
2019-06-28,19.7,9.7,27.6,0,,26,6.8,25.2,1020.3,907
2019-06-29,20.8,10.2,29.2,0,,56,8.6,28.4,1017.8,906
2019-06-30,23.4,10.1,33.5,0,,222,8.6,31,1014.6,899
2019-07-01,22.5,17.3,31.5,21.7,,196,10.1,47.2,1014.9,487
2019-07-02,19.9,12.8,25,0,,349,8.6,27.7,1017.4,744
2019-07-03,17.8,10.3,24.3,0,,10,7.2,29.2,1018.9,829
2019-07-04,17.1,7.8,25.4,0,,358,6.5,19.1,1019.2,901
2019-07-05,18.7,9.2,27.2,0,,22,7.6,28.8,1015.7,638
2019-07-06,21,12.6,28.2,2.3,,213,10.4,55.8,1010.2,497
2019-07-07,17.6,13.3,23.2,8.4,,292,11.2,48.6,1010.8,183
2019-07-08,15.6,10.9,19.7,0,,289,7.9,23.8,1015.4,90
2019-07-09,14.4,6.7,19.5,0,,354,9,33.5,1016.8,561
2019-07-10,13.5,4.7,20.9,0,,12,5.4,21.6,1017.7,875
2019-07-11,14.3,8.5,21,5.3,,216,7.2,41.8,1014.7,122
2019-07-12,15.9,11.7,19.3,7,,225,11.9,36.7,1012.3,141
2019-07-13,15.4,12.7,20,0.4,,294,14,40,1014.9,92
2019-07-14,16.2,12.3,21.8,0,,17,7.9,25.9,1014.4,439
2019-07-15,16.7,12.2,23.1,0,,33,7.6,22.3,1014,321
2019-07-16,16.4,8.7,23.5,0,,322,8.3,29.9,1015.3,775
2019-07-17,17.5,8.5,25.7,0,,29,6.8,29.5,1012.2,763
2019-07-18,18.3,8.6,26.2,0.1,,232,7.2,34.6,1011.5,700
2019-07-19,19.9,13.8,26,0,,305,6.8,30.6,1013.8,279
2019-07-20,22,11.7,30.9,4.1,,199,7.3,29.6,1013.4,690
2019-07-21,20.4,14.8,25.5,2.5,,219,9.7,30.2,1019.4,342
2019-07-22,21.5,13.2,28.7,0,,159,6,20.4,1021.7,690
2019-07-23,22.7,11.9,31.2,0,,90,6.5,24.5,1018.9,867
2019-07-24,24.7,14.3,34,0,,76,5,20.9,1014.7,861
2019-07-25,26,16.5,34.4,0,,125,7.6,37.8,1013.2,848
2019-07-26,25.7,15.1,34.3,5.3,,138,6.8,36,1007.3,705
2019-07-27,21.3,17.4,25.8,2.4,,163,7.6,29.2,1001.5,330
2019-07-28,18.6,16.6,22.3,5.6,,301,11.5,42.5,1000.5,0
2019-07-29,17.8,15.7,20.8,0.4,,306,11.2,29.5,1009.7,24
2019-07-30,20.3,13.4,27.1,9,,152,5.8,27,1011.9,403
2019-07-31,17.4,14.4,21.7,1.6,,254,8.6,24.8,1016.4,124
2019-08-01,17.8,11,24.2,0,,18,5.4,19.4,1016,599
2019-08-02,18.7,12.5,24.4,5.9,,358,7.6,32.4,1013.1,277
2019-08-03,16.4,12.2,20.6,2.1,,268,11.2,49.7,1014.6,285
2019-08-04,18,9.9,25.6,0,,145,5,15.5,1015,816
2019-08-05,19.4,12,27.5,1.4,,118,6.8,27,1012.3,334
2019-08-06,21.4,15.9,27.2,0,,209,14,43.6,1010.7,527
2019-08-07,18.1,14,22.7,9.9,,230,9.4,36,1009.8,41
2019-08-08,18.5,12.8,24.8,0,,228,5.8,27,1012.6,523
2019-08-09,22.3,10.6,31.2,3.8,,177,7.6,36,1010.4,782
2019-08-10,19.4,14.1,22.3,5.9,,240,10.8,33.1,1015.4,181
2019-08-11,20.1,11,26.8,4.7,,137,12.2,51.8,1014.3,755
2019-08-12,14.8,13.1,16.6,15.1,,343,7.2,26.3,1016.7,36
2019-08-13,15.8,11.3,20,0,,272,7.9,34.6,1017.8,243
2019-08-14,14.7,7.8,21.5,0,,233,6.1,23.4,1018.1,532
2019-08-15,14.8,7.8,21.5,1.1,,214,11.9,40,1015.2,323
2019-08-16,16.9,9.8,22.6,0,,270,9.7,28.8,1017,670
2019-08-17,18,9.8,24.8,0.2,,210,8.6,34.6,1013.2,178
2019-08-18,23.3,14.6,31.7,12.8,,209,10.4,39.6,1008.8,722
2019-08-19,18.8,16.4,23.4,2.2,,274,10.1,29.9,1016.4,57
2019-08-20,15.9,12.5,18.5,21.9,,343,9,32,1021.2,1
2019-08-21,15.5,12.3,20.2,0,,99,7.9,24.8,1026.5,412
2019-08-22,16.1,10.6,21.8,0,,93,11.5,34.6,1024,509
2019-08-23,17.3,9.4,23.4,0,,97,7.6,31.7,1023,399
2019-08-24,20.1,14.6,26.5,0,,12,5.8,17.6,1018.3,622
2019-08-25,19.8,13.3,26.8,0,,152,5,18.4,1017.5,474
2019-08-26,20.2,13.4,27.6,0,,122,5.4,17.6,1016.9,669
2019-08-27,20.7,13.7,28.8,0,,174,5,14.4,1015.7,706
2019-08-28,21.3,13.9,29.8,5.4,,156,5.8,18.7,1015.2,431
2019-08-29,20.1,16.1,24.9,0,,202,7.9,22.7,1018.4,218
2019-08-30,20.7,13.7,28.2,0,,144,6.8,19.8,1019.9,738
2019-08-31,20.8,12.6,28.7,0,,106,4.7,16.2,1014,741
2019-09-01,19.3,14.2,24.7,0.1,,234,11.9,33.5,1012.6,277
2019-09-02,15.4,7.8,18.8,0,,333,7.9,20.9,1020.3,16
2019-09-03,13.4,5.4,21.7,0,,186,5.4,21.6,1023.6,725
2019-09-04,15.5,6.6,25.5,0,,146,5.8,18,1016.7,742
2019-09-05,12.7,7.7,16.8,1.3,,209,8.6,29.9,1018.4,125
2019-09-06,12.9,9.5,16.1,5.6,,84,6.8,24.5,1021,0
2019-09-07,12.1,7.2,16.2,2.9,,240,6.8,31.7,1018.4,9
2019-09-08,9.8,6.2,12.2,11.1,,149,5.8,17.6,1015.9,0
2019-09-09,10,4.7,13,0.8,,281,10.8,33.8,1014.6,32
2019-09-10,10.7,3.5,18.2,0,,88,6.5,28.8,1017.3,512
2019-09-11,12.9,5.7,20.6,0,,18,4,15.5,1023.1,557
2019-09-12,16.3,10.1,23,0,,188,6.5,21.6,1029.2,448
2019-09-13,16.7,8.5,23.9,0,,118,6.5,24.8,1030.1,687
2019-09-14,16.9,9.9,23.1,0,,37,5.8,19.8,1028.2,504
2019-09-15,16.3,8.2,25.7,0,,209,5.4,21.2,1022.9,481
2019-09-16,17.7,9.6,25,0.1,,305,6.8,26.6,1017.9,438
2019-09-17,14.3,5.5,19,0.1,,318,9.4,34.6,1017.9,231
2019-09-18,9,2.6,15.5,0,,57,6.8,24.5,1023.6,690
2019-09-19,8.1,1.4,15.2,0,,35,9.4,25.6,1026.8,657
2019-09-20,8.7,0.9,16,0,,65,9.7,30.6,1026.6,614
2019-09-21,11,2,20.6,0,,86,8.3,36.4,1019.3,683
2019-09-22,11.6,2.8,20.6,1,,119,4,13.3,1011.6,215
2019-09-23,12.7,9.7,15.2,11,,253,10.8,40,1014.9,0
2019-09-24,13.2,5.7,18,1.7,,156,7.2,40.3,1012.8,341
2019-09-25,14.2,11.4,18.2,1.3,,248,14,47.5,1009.5,285
2019-09-26,14.5,10.1,16.4,0.3,,227,11.9,33.8,1013.4,79
2019-09-27,16.1,13,20.9,9.2,,240,13.3,46.1,1013.1,180
2019-09-28,13.9,9,18.1,0,,232,14.4,52.9,1016.5,327
2019-09-29,15.7,8.6,22.7,0,,212,13,51.8,1009.4,600
2019-09-30,14.5,6.8,19.2,0,,277,25.6,67.7,1011,392
2019-10-01,14.5,6,22.2,6.6,,212,12.6,41.4,1007.3,397
2019-10-02,11.5,3.8,16.9,8.8,0,269,17.6,51.5,1007.9,109
2019-10-03,6.9,2.7,11.9,0,0,263,11.2,33.8,1018.3,159
2019-10-04,8.1,2.5,11.8,0.8,0,203,15.1,50.8,1010.9,15
2019-10-05,9.5,4.1,12.3,3.6,0,301,16.9,43.2,1012.6,57
2019-10-06,7.3,2,10.1,11.2,0,103,7.9,21.2,1014.7,9
2019-10-07,8.2,6.6,10.8,0.5,0,54,6.5,16.9,1016.9,3
2019-10-08,12.4,7.5,16,4,0,221,14.4,44.3,1012.5,10
2019-10-09,10.8,8.9,13.4,11.5,0,241,14.4,46.1,1012.5,0
2019-10-10,10,6.9,13.5,2.9,0,254,16.2,52.6,1017.3,110
2019-10-11,10.3,4.4,17.8,0,0,189,9.4,27.7,1019.3,582
2019-10-12,13.3,4.9,21.9,0,0,191,10.1,30.6,1016.4,589
2019-10-13,15.6,9.6,24,0,0,165,7.9,18.7,1015.7,564
2019-10-14,14.1,7.1,22.6,0,0,127,6.1,24.8,1013.9,564
2019-10-15,13,6,20.1,0.1,0,134,10.8,45.7,1007.9,486
2019-10-16,10.8,4.1,16.1,0,0,236,15.5,42.1,1015.1,567
2019-10-17,11.4,5,20.1,0,0,159,6.8,17.3,1015,480
2019-10-18,13.4,8.3,18.8,3.1,0,195,9,29.5,1012.8,168
2019-10-19,11.7,9.1,14.6,0.7,0,155,7.9,28.1,1011.1,22
2019-10-20,10.6,4,16.5,0,0,81,5.8,16.6,1009.2,112
2019-10-21,11,6,17.2,0.2,0,0,5,28.8,1017.7,146
2019-10-22,11.1,5.3,16.3,0,0,110,5,16.6,1022.1,380
2019-10-23,10.7,6.5,12.3,0.1,0,109,9,22.3,1015.6,2
2019-10-24,11.4,9.1,14.9,0,0,207,5.4,17.3,1012.1,106
2019-10-25,12.7,5.7,18.4,0,0,215,5.4,19.8,1021.1,355
2019-10-26,10.6,4.2,20.5,0,0,165,5.4,15.1,1020.6,557
2019-10-27,12.9,5.9,20,3.8,0,209,9.4,32.8,1019.1,438
2019-10-28,7.6,6.1,11.6,1.5,0,32,7.9,30.2,1020.3,0
2019-10-29,6.3,5.4,7.4,1.4,0,57,9.4,22.3,1020.7,0
2019-10-30,5.6,3.8,8.5,0,0,89,13.7,35.3,1024.2,39
2019-10-31,3.4,-0.2,5.2,0,0,98,10.1,24.8,1022,5
2019-11-01,6.6,2.3,10.3,6.8,0,141,11.2,27.7,1012.7,0
2019-11-02,12.8,9.5,17,0.2,0,212,15.1,42.5,998.1,141
2019-11-03,10.3,9.1,11.9,6.4,0,163,9.4,45,990.3,0
2019-11-04,9.9,6.9,13.9,13.9,0,234,15.8,42.8,994.6,235
2019-11-05,7.1,2,10.6,0,0,197,10.4,36.7,998.9,19
2019-11-06,6.1,2.6,9.7,1.3,0,209,9.7,29.5,1003.7,52
2019-11-07,6.6,0.5,10.7,0.3,0,192,9,27.7,1004.1,290
2019-11-08,5.3,3.4,6.3,0.1,0,350,10.8,34.6,1003.8,0
2019-11-09,3.3,-2.4,7.4,0,0,245,10.4,28.4,1010.1,128
2019-11-10,-0.4,-4.2,1.4,0,0,104,5.4,16.9,1013.3,0
2019-11-11,0.4,-1.3,3.4,0.9,0,169,8.3,22,1012.2,0
2019-11-12,4.1,2.3,6,2.4,0,210,9.4,32.4,1007.3,0
2019-11-13,3,-0.7,6.3,0,0,207,9.7,24.5,1004.7,27
2019-11-14,1.2,-2.6,4.8,0,0,117,9,36.4,1003.6,349
2019-11-15,3.8,0.6,6.7,0.2,0,49,8.3,35.6,999.7,1
2019-11-16,4.7,1.6,6.8,0.1,0,189,6.5,19.4,1008.8,3
2019-11-17,4.4,2.3,5.9,0,0,49,9.4,32.8,1005,0
2019-11-18,4.1,1.4,7.9,0,0,235,15.1,54,1009.8,375
2019-11-19,2.1,-2.3,5.2,0,0,107,4,15.1,1017.2,134
2019-11-20,3.3,2.5,4.1,0,0,66,7.2,23.4,1015.1,0
2019-11-21,3.6,2.9,5,0,0,200,5.8,17.3,1009.9,0
2019-11-22,3.1,1.8,4.4,0,0,126,9.4,24.8,1008.2,0
2019-11-23,6.2,0.5,11.9,0,0,95,9,35.6,999.8,158
2019-11-24,3.5,-0.7,8.7,0,0,31,4.3,13,1006,96
2019-11-25,2.6,-0.8,3.9,0.2,0,324,4.3,15.8,1010.8,0
2019-11-26,5.5,2.8,9.4,0,0,161,6.1,18,1008.8,89
2019-11-27,6.8,3.7,10.9,1,0,190,11.5,40,999.7,64
2019-11-28,8.8,7,11.1,0.4,0,242,24.8,52.9,1000.1,118
2019-11-29,5.5,0.5,8.7,7.2,0,269,17.6,45.7,1009.4,59
2019-11-30,1.8,-1.1,5.2,0,0,244,8.6,24.5,1022.6,43
2019-12-01,0.1,-1.2,1.2,0,0,84,8.6,25.6,1017.5,0
2019-12-02,0.4,-0.3,1.6,0,0,303,7.9,22.3,1024.1,7
2019-12-03,-0.2,-3.9,4.8,0,0,142,6.1,16.2,1028.5,359
2019-12-04,-2.3,-5.5,2.6,0,0,72,7.6,20.2,1023.1,442
2019-12-05,-2.3,-6,-1.3,0,10,250,6.5,16.6,1023.6,0
2019-12-06,1.3,-3.7,8.6,1.2,0,220,7.6,34.2,1019.3,396
2019-12-07,7.2,3.7,9.9,0.2,0,256,20.2,45.7,1016.4,124
2019-12-08,7,1.6,9.9,3.2,0,234,18.7,51.5,1011.7,296
2019-12-09,6.1,3.4,9.7,1.4,0,257,22.7,68.4,1006.4,271
2019-12-10,1,-4.3,4.2,0,0,273,10.4,41.8,1024.9,207
2019-12-11,-1.5,-6.6,2.6,0.7,0,171,8.3,34.6,1014.6,66
2019-12-12,1.2,-2.5,3.3,0.1,0,222,10.8,25.9,1004.2,0
2019-12-13,1.5,-1.6,4.6,4.4,0,197,20.9,60.5,986.8,53
2019-12-14,6.1,2.1,9,2.8,0,251,28.4,78.8,997.9,190
2019-12-15,8.7,3.5,14.4,1.4,0,216,17.6,59.4,1007,273
2019-12-16,2.7,-1.2,7.2,0,0,128,5.4,16.9,1011,193
2019-12-17,1.1,-2.1,5.5,0,0,126,3.6,13.3,1009.9,0
2019-12-18,5.7,-0.2,14.7,0,0,164,5,12.6,1018,260
2019-12-19,1.6,-3.2,8.4,0,0,38,4,13.3,1014.4,271
2019-12-20,1,-3.9,6.4,3.9,0,306,5.8,27.7,997.5,93
2019-12-21,3,-1.1,6.8,0,0,180,7.6,34.6,995.4,0
2019-12-22,4.3,-0.2,8.3,1,0,209,14,43.6,991.4,0
2019-12-23,5.1,4,6.9,2.1,0,267,22,43.2,1008.7,18
2019-12-24,4.7,1,6.1,4.8,0,241,15.8,41,1015.9,83
2019-12-25,5.2,2.1,7.2,5,0,271,21.2,47.9,1018.5,14
2019-12-26,1.8,-0.4,5.4,1.3,0,156,5.8,33.8,1025.2,93
2019-12-27,3.1,1.1,4.7,3.1,0,68,6.8,23,1026.6,0
2019-12-28,-0.2,-4,1.7,0,0,73,7.6,18,1039.2,256
2019-12-29,-2.6,-6.1,1.5,0,0,90,6.5,20.9,1039.5,435
2019-12-30,-2.4,-6.6,4.4,0,0,82,3.2,9,1035.4,434
2019-12-31,0.9,-3.6,6.2,0,0,153,5.8,16.2,1033.2,410
2020-01-01,0.4,-5.6,4.7,0,0,88,6.8,24.5,1033.5,421
2020-01-02,-2.3,-5.8,-1.2,0,0,255,5.4,15.5,1030.8,0
2020-01-03,1.8,-3.2,6.4,1,0,219,11.2,40.7,1026.3,232
2020-01-04,4,2.7,6.3,0.9,0,276,19.4,38.9,1029.3,0
2020-01-05,2.4,-3.3,4.6,0,0,275,9.7,40.7,1035.1,10
2020-01-06,-1.9,-5.4,4.5,0,0,215,3.6,11.5,1030.1,442
2020-01-07,0.7,-5.5,4.4,0.1,0,177,7.2,28.4,1029.5,0
2020-01-08,2.1,-2.5,6.2,0,0,170,7.2,16.6,1029.7,0
2020-01-09,5.6,1.2,12.3,0,0,182,8.3,22,1021.6,383
2020-01-10,6.1,0.6,10.7,0.3,0,226,14.8,40.3,1021.4,237
2020-01-11,2.3,-4.1,6.2,0,0,315,7.2,28.8,1032.5,158
2020-01-12,-1.7,-5.5,2.1,0,0,222,5.8,18,1029.1,0
2020-01-13,1.9,-2.3,5.6,0,0,163,7.2,15.5,1023.2,20
2020-01-14,3.4,-2.6,10.7,0,0,180,9.4,24.8,1018.4,370
2020-01-15,3.7,-2.7,11.3,0,0,192,9.4,26.3,1021.3,461
2020-01-16,4.9,-2.8,10.4,0,0,104,7.6,19.8,1027.7,212
2020-01-17,3.1,-4.4,10.7,2.1,0,204,8.6,29.2,1021.6,365
2020-01-18,3,-1.5,5.2,3.2,0,252,9.4,36,1026.3,12
2020-01-19,-0.1,-2.6,3.1,1,0,331,5,17.3,1035.1,80
2020-01-20,-1,-4.9,1.5,0,20,65,6.5,20.5,1044.4,29
2020-01-21,-1.7,-3,-0.6,0,0,114,8.3,21.2,1041.1,2
2020-01-22,-3.1,-4,-1.7,0,0,126,6.1,18,1035.9,0
2020-01-23,-1.9,-3.5,-0.3,0,0,103,10.1,25.6,1031.4,0
2020-01-24,-0.1,-4.5,7.6,0,0,208,7.2,23,1024.9,435
2020-01-25,1,-3.8,7.4,0,0,166,5,10.8,1022.2,155
2020-01-26,1.9,-1.6,8,1.1,0,150,4.3,11.5,1019.6,93
2020-01-27,5.3,1.2,10.2,2,0,182,9.7,33.1,1013.7,251
2020-01-28,4.1,0.7,7.1,3.5,0,242,25.2,84.2,1003.3,44
2020-01-29,2.5,0.8,4.3,0.8,0,264,21.6,53.6,1010.8,6
2020-01-30,5.5,1.7,8.8,1,0,238,15.5,50.4,1014.9,305
2020-01-31,10.8,7.5,14.3,0,0,254,25.2,53.6,1012.6,217
2020-02-01,10.2,5.9,14.7,6.1,0,239,18.7,55.8,1010.7,291
2020-02-02,9.9,7.1,11.8,17.3,0,254,24.1,61.6,1013,0
2020-02-03,6.8,5.9,11.9,17.4,0,273,15.1,54,1015.3,0
2020-02-04,4.4,1.2,13.1,0.9,0,287,28.8,83.9,1011.9,137
2020-02-05,0.9,-4.3,4,0,0,338,16.9,45.4,1030.8,162
2020-02-06,-1.1,-5.1,6.3,0,0,151,5.8,13.3,1032.6,521
2020-02-07,-0.7,-5.8,4.4,0,0,94,8.3,24.5,1028.8,527
2020-02-08,0.2,-5.8,8.3,0,0,131,5,13,1025.6,470
2020-02-09,5.8,-1.8,12.7,0,0,194,16.2,47.2,1018.7,471
2020-02-10,9.4,5.7,13.9,18.7,0,260,44.3,107.6,1003.6,197
2020-02-11,3.9,0.7,7.9,1.3,0,272,32.8,73.1,1009.6,75
2020-02-12,2.9,0.4,5.4,0.2,0,264,24.8,58.7,1018.4,131
2020-02-13,3.9,-2.4,9.5,1.4,0,193,15.8,57.2,1012.6,184
2020-02-14,5.2,0.7,7.7,1.3,0,270,20.9,51.8,1020,9
2020-02-15,3.3,-1.8,10.5,0,0,160,6.1,23.4,1024.6,427
2020-02-16,8.6,1.8,14.8,0,0,176,11.5,32.4,1017.5,100
2020-02-17,9.4,5.9,13.5,3.7,0,252,14,50.8,1017.9,9
2020-02-18,5.2,2,7.9,0,0,254,20.5,59,1026.1,159
2020-02-19,4,-0.1,6.7,0.4,0,258,23.8,64.8,1022,156
2020-02-20,4.2,-0.7,9.9,1.7,0,226,12.6,41.4,1021.5,227
2020-02-21,5,2,7.9,0,0,270,19.8,87.5,1027.1,478
2020-02-22,7.6,-1.2,14.6,4.5,0,234,16.6,49.3,1026.7,488
2020-02-23,10,5.1,14.7,7.7,0,257,29.2,73.1,1020.6,18
2020-02-24,6.8,3,11.3,0.9,0,241,14.8,58.7,1018.9,63
2020-02-25,7.8,4.5,11.3,1.3,0,248,19.8,58,1004,31
2020-02-26,2.6,-0.2,6.2,0.8,0,268,25.6,60.8,1002.1,260
2020-02-27,1.6,-0.1,4.7,6.4,0,233,24.5,93.2,1003.1,86
2020-02-28,2.1,-0.3,5.9,0.6,0,261,21.2,51.8,1016.8,364
2020-02-29,7.6,2.4,13.9,5.9,0,185,13.3,58.7,1003.3,99
2020-03-01,7.4,1.9,12.3,3.6,0,227,19.1,78.8,1000.4,399
2020-03-02,5.4,-0.3,8.5,2.5,0,171,17.3,52.2,993.4,256
2020-03-03,3.3,-2.6,5.9,0.4,0,288,16.6,64.8,1003,38
2020-03-04,2,-2.9,7.1,0,0,224,10.1,34.2,1013.1,119
2020-03-05,3.8,-2.9,7.9,8.8,0,165,13,44.6,1000.4,0
2020-03-06,5.6,3.3,7.5,0.8,0,247,29.5,77,997.7,84
2020-03-07,3.1,-1.9,6.8,0.3,0,276,16.2,46.8,1017.4,46
2020-03-08,3.3,-3.2,9.6,0.6,0,189,9.7,28.8,1019.3,508
2020-03-09,5.1,1.8,8.6,0.9,0,252,14.8,39.2,1015,79
2020-03-10,4.8,1.4,9.3,7.8,0,238,24.5,58.7,1015.4,0
2020-03-11,11.6,7,16,0,0,258,26.3,59.4,1015.9,213
2020-03-12,11.6,6.9,16.7,0.4,0,251,20.5,76.3,1013.5,347
2020-03-13,6.1,-1.6,10.4,0,0,292,18.4,53.6,1019.3,478
2020-03-14,3.2,-2.7,9.2,0,0,84,6.1,23,1021.9,224
2020-03-15,5.2,-1.1,12.6,0,0,141,9.4,30.2,1019.2,653
2020-03-16,7.3,-1.5,17.3,0,0,131,6.5,20.2,1020.5,662
2020-03-17,8.5,1.6,14.7,1.2,0,193,5.8,15.8,1028.7,151
2020-03-18,9.5,1.9,16.9,0,0,99,5.4,19.1,1027.4,652
2020-03-19,9.7,1.1,18,0,0,131,6.8,24.1,1023.1,660
2020-03-20,10.6,1,19.4,8.4,0,143,6.8,46.4,1018.8,561
2020-03-21,3.5,0.2,8.4,10.2,0,54,19.8,45,1020.9,0
2020-03-22,0.9,-2.5,5,0,0,89,22.3,49.3,1028,684
2020-03-23,-0.8,-4.7,3.9,0,0,100,20.9,50.8,1033,688
2020-03-24,-0.1,-4.7,5,0,0,90,18.7,42.1,1030.5,691
2020-03-25,0.6,-5.4,6.2,0,0,84,23.4,59.8,1023.1,692
2020-03-26,2.5,-2.9,8.5,0,0,92,21.6,45.7,1016.8,456
2020-03-27,7.2,-3.3,15.8,0,0,66,11.5,35.6,1013.7,666
2020-03-28,7.4,-1.6,15.1,0,0,41,6.5,25.6,1015.5,689
2020-03-29,4.2,0.3,7.7,1.2,0,,13,39.6,1018.8,92
2020-03-30,0.5,-5.4,5.4,0,0,52,14.4,43.2,1024.6,344
2020-03-31,-0.6,-8.3,6.2,0,0,68,8.3,33.1,1025.8,492
2020-04-01,1.2,-6.4,9.6,0,0,64,6.8,25.6,1019.9,718
2020-04-02,3.4,-6.2,13.3,0,0,137,5.4,33.1,1012.5,721
2020-04-03,4.8,-4,12.3,0,0,152,8.3,29.2,1016,469
2020-04-04,7.1,-1.8,14.2,0,0,104,8.3,29.2,1022.4,622
2020-04-05,9.3,3.1,16.4,0,0,93,15.8,41.8,1022,735
2020-04-06,9.5,-1.7,19.9,0,0,47,6.1,22.3,1022.7,737
2020-04-07,11.1,0.3,20.4,0,0,120,9.4,34.2,1027.4,739
2020-04-08,12,1.3,21.6,0,0,27,5.8,22,1023.5,742
2020-04-09,11.7,1.5,21,0,0,65,6.1,23,1022.3,733
2020-04-10,11.6,1.6,21.6,0,0,67,5.8,24.8,1022.3,718
2020-04-11,11.2,2.5,20.1,0,0,53,5.8,20.5,1022.1,755
2020-04-12,12.5,2.7,22.3,0,0,184,7.2,31.3,1016.1,577
2020-04-13,10.8,1.8,20.2,0,0,23,14.4,50.8,1013.6,516
2020-04-14,2.2,-4.1,7.1,0,0,11,10.1,29.5,1023.7,532
2020-04-15,6,-6.3,16.4,0,0,106,6.5,23,1023.4,697
2020-04-16,11,-1.1,21.8,0,0,2,6.8,25.2,1017.4,770
2020-04-17,15.2,5.4,23.3,0,0,165,7.6,23,1013.9,604
2020-04-18,14.4,6.4,22.8,0.1,0,222,8.3,43.9,1013.6,307
2020-04-19,13.6,6.5,19.6,0,0,85,13.3,45.7,1013.5,719
2020-04-20,11.7,6.5,17.3,0,0,87,25.9,54.7,1012.9,614
2020-04-21,12.8,6.9,20,0,0,90,27.4,58,1012,749
2020-04-22,13,5.5,20.3,0,0,84,19.1,45,1014.9,784
2020-04-23,11.3,0.6,20.2,0,0,65,10.4,29.9,1017.1,788
2020-04-24,12.7,1.9,21,0,0,247,12.6,42.1,1011.4,657
2020-04-25,12,2.9,19,0,0,350,9.7,38.9,1008.7,779
2020-04-26,11.5,1.3,19.4,0.5,0,37,7.2,23.4,1008.8,795
2020-04-27,13.5,6.5,20.1,1.1,0,187,9.7,27.7,1008,391
2020-04-28,13,5.6,18.9,11.3,0,222,10.1,33.1,1005.5,116
2020-04-29,10.2,5.8,13.8,6.6,0,241,14.8,37.8,1008.5,48
2020-04-30,9.8,5.4,15,2.9,0,200,14.8,42.1,1007.4,11
2020-05-01,9.7,5.5,15,0.1,,242,16.2,52.6,1005.7,144
2020-05-02,8.4,3.9,12.4,1.8,,255,16.9,45.7,1010.3,285
2020-05-03,9.3,2.1,15.3,0,,226,6.1,16.9,1017.6,386
2020-05-04,12.1,7,18,1.7,,235,9.4,34.2,1015.5,195
2020-05-05,9.7,4.5,13.8,0,,24,8.6,26.3,1016.6,221
2020-05-06,7.8,1,14.6,0,,52,8.3,32.8,1022.2,720
2020-05-07,10.7,0.2,19.9,0,,140,5.4,24.8,1022.4,825
2020-05-08,15.4,3.9,24.6,0,,175,7.6,30.6,1015.7,679
2020-05-09,17.5,9.3,25.8,0,,155,7.9,34.2,1009.8,359
2020-05-10,16.5,10.8,23.1,0.1,,185,8.3,29.2,1005,352
2020-05-11,10,2,18.2,5.1,,17,15.1,62.6,1001.3,7
2020-05-12,6.3,1.3,12.3,0.2,,49,10.1,29.2,1015.5,652
2020-05-13,7.1,4.9,9.9,6.9,,63,8.6,24.8,1010.2,43
2020-05-14,9.1,6,12.4,0,,57,11.5,34.6,1012.6,2
2020-05-15,9.2,4,12.6,0,,97,11.2,29.9,1015.9,32
2020-05-16,10.1,0.2,17.6,0,,132,7.2,28.8,1020.1,778
2020-05-17,12.1,2.3,20.4,0,,33,6.8,25.2,1020.5,842
2020-05-18,14,3.1,22.8,0,,3,6.1,22,1021.5,852
2020-05-19,17,5.9,24.5,0,,34,8.6,29.2,1018.2,779
2020-05-20,15.3,8.5,21.2,0,,22,7.9,20.5,1018.9,215
2020-05-21,16.1,7.7,23.4,0,,42,6.5,41.4,1020,711
2020-05-22,18.3,7.8,25.6,0.1,,202,7.6,29.5,1020.1,321
2020-05-23,13.6,6.3,21.6,10.2,,249,11.9,59,1022.9,32
2020-05-24,12.7,7.1,18,0,,275,16.9,49.7,1029,539
2020-05-25,13.5,7.4,17.8,0.6,,307,14.8,43.2,1029.7,264
2020-05-26,11.6,4,17.8,0,,35,7.9,25.2,1032.2,512
2020-05-27,13.3,3.3,20.7,0,,68,7.2,32.8,1030.7,822
2020-05-28,12.8,4.5,19.5,7.9,,75,10.8,47.9,1026.7,318
2020-05-29,11.1,4.3,17,0,,75,9.4,41.8,1024.3,362
2020-05-30,11.4,4.9,16.8,0,,65,10.8,27,1019.8,270
2020-05-31,13.5,7.2,18.8,0,,61,10.4,32.4,1018.6,674
2020-06-01,15.9,6.7,23.4,0,,94,11.5,38.2,1018.3,872
2020-06-02,16.5,6.3,24.3,0,,72,6.8,40.3,1014.4,882
2020-06-03,17.3,7.4,25.1,0,,206,8.3,39.6,1004.3,636
2020-06-04,15.6,12.2,20.2,1.2,,231,15.1,38.5,996.3,15
2020-06-05,13.1,11,16.1,1.9,,257,19.4,58,999.2,87
2020-06-06,14.7,12.2,18.7,6.6,,273,14.8,50.8,1003.7,86
2020-06-07,11,6.9,13.4,15.3,,234,9.4,26.3,1008.9,38
2020-06-08,11.9,4.3,17.3,5.5,,106,8.6,31,1012.1,318
2020-06-09,12.2,10.4,14.2,2.4,,41,11.2,28.4,1012,0
2020-06-10,12.7,11.4,13.9,1.7,,2,9.4,20.2,1010.3,0
2020-06-11,14.1,9,19.5,0,,347,6.5,18.4,1007.9,272
2020-06-12,18.1,7,25.8,0,,98,10.8,36.7,1005.3,897
2020-06-13,19.3,9.2,26,22.9,,327,10.1,38.5,1007.2,815
2020-06-14,14,13.2,15.2,9.5,,266,19.8,42.5,1012.9,0
2020-06-15,13.9,13.2,15.1,29.3,,272,16.9,34.9,1015.8,0
2020-06-16,14.9,11.8,19.1,0.4,,308,8.3,22.3,1014.4,113
2020-06-17,15.2,11.8,21.5,12.2,,343,10.1,50,1010,51
2020-06-18,16.1,10.3,21.6,1,,290,9.7,29.5,1012,654
2020-06-19,14,12.9,15.4,0.3,,255,14.4,31.7,1016.6,0
2020-06-20,15.1,10.5,19.6,1.6,,265,9.7,31,1019.4,161
2020-06-21,16.4,8.9,22.4,0,,305,7.9,26.3,1019.5,641
2020-06-22,17.8,11,23.7,0,,356,9,29.2,1021.6,397
2020-06-23,18,10.1,24.3,0,,37,6.8,25.6,1022,780
2020-06-24,18.6,11.8,23.6,0,,58,11.5,28.8,1019.8,892
2020-06-25,17.2,11.8,23.6,0,,82,8.6,25.6,1017.3,420
2020-06-26,19.2,9.4,26.6,0.2,,252,8.6,58.3,1012.9,683
2020-06-27,21.2,15.5,28.1,0.6,,221,11.5,53.3,1012.4,743
2020-06-28,20.1,14.5,25.7,10.1,,241,11.9,37.1,1014.1,333
2020-06-29,16.5,13.3,22,1.3,,281,10.4,31,1013.4,233
2020-06-30,18.2,10.5,24.7,0,,255,10.4,36.4,1011.9,630
2020-07-01,20.7,10.3,29.6,0.9,,181,9.4,43.2,1009.1,744
2020-07-02,18.9,13.7,24.2,7.1,,280,10.4,41.4,1011.6,258
2020-07-03,17,10,22.5,0,,300,7.9,27,1017.1,341
2020-07-04,17.9,8.6,24.6,0,,232,9.4,30.6,1018.1,802
2020-07-05,21.4,13,27.5,0,,243,15.5,43.2,1015.1,496
2020-07-06,17.2,7.1,21.6,0.1,,281,17.3,49,1015.1,529
2020-07-07,14,5.7,21.1,0,,27,5.8,24.5,1019.2,855
2020-07-08,17.3,6.7,25.4,0,,225,10.1,40.7,1015.9,586
2020-07-09,20.5,10.6,28.2,0,,222,9.7,37.8,1014.4,657
2020-07-10,22.1,13.1,30.7,5.4,,231,16.9,52.2,1011.5,746
2020-07-11,16.1,9.4,20.6,0.2,,31,7.9,30.2,1019.9,216
2020-07-12,15.1,7.1,22,0,,73,7.9,27.4,1023.6,629
2020-07-13,16.3,7.5,23.1,0,,75,9.7,39.2,1019.9,837
2020-07-14,17.1,6.9,24.4,0,,104,5.8,26.3,1013.9,763
2020-07-15,16.4,13.5,19.4,1.3,,308,9.4,30.2,1012.9,37
2020-07-16,14.2,13.1,16.1,11.6,,272,9.7,29.2,1016.6,0
2020-07-17,16,10,21.5,0,,14,8.6,31,1017.9,440
2020-07-18,15.7,7,22.5,0,,63,6.1,24.8,1018.1,315
2020-07-19,18.7,9.4,26.7,0,,112,5,18.4,1015.1,736
2020-07-20,20.8,12.6,28.5,0,,214,7.2,27.7,1014.8,803
2020-07-21,19.2,11,27.4,5.1,,359,6.5,54,1017.8,609
2020-07-22,18.8,11.5,26.5,0,,43,4.7,19.4,1018,649
2020-07-23,19.1,11.6,26.3,0,,216,6.5,42.5,1013.6,669
2020-07-24,18.6,11.8,25.1,0.3,,228,9,36.4,1011.4,224
2020-07-25,20.6,15,26.1,1,,243,7.9,31.3,1012.2,491
2020-07-26,18.3,12.9,24.8,7.8,,201,10.8,41,1013.1,269
2020-07-27,20.6,10.3,29.2,0,,167,7.6,26.3,1014.5,812
2020-07-28,22.5,15.8,31.2,1.5,,231,12.6,41.8,1011.5,600
2020-07-29,19.6,11.5,26.6,0,,333,6.1,23.4,1017.3,834
2020-07-30,20.3,10.5,29.8,0,,22,5,18.4,1017.3,838
2020-07-31,22.5,11.3,32.1,0,,54,5,19.1,1015,834
2020-08-01,23.8,13.8,33.4,0,,250,7.6,31.7,1012.3,557
2020-08-02,19.2,16.7,23.9,36.5,,218,9.4,35.3,1012.5,69
2020-08-03,16,13.6,18.4,30.6,,311,8.6,34.2,1009.7,0
2020-08-04,14,9.4,16.6,1.7,,319,10.8,29.2,1014.3,1
2020-08-05,15.4,6.9,21.7,0,,108,9.4,30.2,1018.2,692
2020-08-06,18.2,9.4,25.6,0,,71,9,30.2,1018.7,777
2020-08-07,20.5,12.2,28.3,0,,81,7.6,28.1,1018.7,820
2020-08-08,20.7,11.2,29.8,0,,72,5.8,23.8,1018.5,749
2020-08-09,21.3,12.2,29.9,0,,111,6.1,27,1016.2,750
2020-08-10,22,11.1,30.1,0,,106,6.8,29.2,1013.1,802
2020-08-11,22.8,14.7,30,0,,92,6.5,27.4,1014.4,723
2020-08-12,22.9,15.8,29.3,0,,81,7.6,28.1,1014.1,630
2020-08-13,19.9,14.8,26.6,0.2,,212,11.2,54.4,1013.8,303
2020-08-14,19.6,15.7,24.5,0.2,,236,9.7,27.7,1013.5,184
2020-08-15,20.4,15.5,26.9,0,,294,7.6,27,1013,391
2020-08-16,20.6,12.3,27.3,0,,72,7.6,28.4,1010.2,701
2020-08-17,18.7,15.4,23.1,3.5,,251,8.6,37.1,1010.6,160
2020-08-18,18.1,13.7,23.7,18.6,,243,7.6,76.3,1011.3,261
2020-08-19,18.8,10.9,25.9,0,,157,6.5,32,1010.6,728
2020-08-20,21.7,13.1,30.1,0,,157,6.1,18,1010.1,498
2020-08-21,23.9,14.4,33.6,0,,166,6.1,21.2,1011.1,777
2020-08-22,18.7,13.8,21.4,7.6,,240,6.8,24.1,1016.8,63
2020-08-23,17.5,12.7,23.6,1.6,,238,10.1,44.6,1017.2,326
2020-08-24,15.5,9.7,21.6,0,,106,6.1,27.4,1016.6,236
2020-08-25,16.9,8.3,24,0,,172,6.8,25.2,1013.2,507
2020-08-26,20.9,12.7,26.6,0,,256,24.5,73.8,1011.8,733
2020-08-27,16.1,8.1,22.6,0,,252,6.1,18,1015.3,616
2020-08-28,17.1,11.2,24.9,11.5,,196,10.1,31.7,1005.6,98
2020-08-29,14.3,12.9,17.1,10.8,,195,8.3,23.8,1006.5,13
2020-08-30,13.2,10.7,15,22.3,,345,14.8,42.5,1007.6,0
2020-08-31,13.3,8.7,17.7,0.2,,266,6.1,17.6,1015.9,98
2020-09-01,13,11.4,16.6,3.9,,12,6.1,23.8,1015.3,36
2020-09-02,12.7,7.9,18.5,0,,0,5.4,17.6,1017.3,363
2020-09-03,14.6,5.6,21.8,0,,180,6.1,34.2,1021.4,552
2020-09-04,18.6,12.9,26.9,0,,191,6.5,15.8,1022.1,623
2020-09-05,19.2,13.5,26.2,0.2,,226,12.2,42.8,1016.1,387
2020-09-06,14.9,11.5,18,0.1,,21,7.2,18,1017.6,106
2020-09-07,13.7,7.6,19.6,0,,55,6.5,26.3,1022,282
2020-09-08,12.5,5.7,21.4,0,,112,4,13.7,1026.6,361
2020-09-09,14.7,5.1,24,0,,138,5,22.3,1022.1,637
2020-09-10,15.5,7.5,22.7,0,,66,7.2,21.2,1018.7,553
2020-09-11,15.5,8.7,23.4,0,,48,5,19.1,1016.2,480
2020-09-12,16.4,9,25,0,,108,4.7,15.1,1019.2,674
2020-09-13,17.4,9.8,26.3,0,,144,5.4,18.7,1024.8,667
2020-09-14,16.9,7.4,26.5,0,,109,5.8,20.9,1024.2,681
2020-09-15,18.3,8.4,28.9,0,,134,4,13.3,1019.9,691
2020-09-16,17.7,10.4,26.1,0,,198,5.4,15.5,1017.8,376
2020-09-17,16.4,11.7,21.2,1.3,,79,10.8,35.6,1020.7,367
2020-09-18,14.3,8.1,19.9,0,,86,11.5,32,1022.2,563
2020-09-19,12.6,2.7,21.7,0,,44,5,14.4,1017.9,659
2020-09-20,13.5,5.5,21.8,0,,19,5.4,20.2,1014.4,640
2020-09-21,14.6,6,23.4,0,,77,4.3,14.4,1014.5,653
2020-09-22,17.3,9.7,24.5,23.9,,161,4.7,12.2,1010.4,464
2020-09-23,16,11.5,20.9,0.7,,247,10.1,41,1007.6,118
2020-09-24,15.7,10.5,21,15.5,,177,10.1,51.8,1005.8,310
2020-09-25,9.4,5.8,13.4,5.1,,239,14.8,50,1001.1,0
2020-09-26,7.1,6.5,7.7,3.6,,263,24.5,48.2,1000.3,0
2020-09-27,8.9,2.5,15.2,0,,239,13,39.6,1004.2,595
2020-09-28,6.9,0,12.5,0,,88,4.3,11.5,1011.3,106
2020-09-29,9.6,4.4,12,0.9,,215,9,32.8,1017.3,0
2020-09-30,11.5,5.3,16.6,0,,85,4.7,18,1015.1,269
2020-10-01,11,4,18.9,0,,184,5,25.6,1006,254
2020-10-02,14.1,8.3,18,0,0,116,14.4,37.1,993.2,76
2020-10-03,12,2.7,19.7,3.3,0,171,17.3,59,991.5,209
2020-10-04,9.6,1.2,16.2,0.2,0,189,9.7,41.8,1000,176
2020-10-05,11.2,7.8,14.5,1.3,0,249,17.3,51.1,1006.2,232
2020-10-06,11.4,9.2,13.6,10.1,0,230,19.1,55.8,1008.3,66
2020-10-07,10.1,7.3,12.6,4.9,0,250,17.3,54.4,1014.7,72
2020-10-08,12,8.6,17.2,0,0,234,15.1,38.5,1021.2,394
2020-10-09,13,8.1,18.6,3.1,0,216,9.4,22.7,1019.6,358
2020-10-10,9.1,4.9,11.5,4.1,0,244,8.6,32,1020.5,0
2020-10-11,5.4,0.8,10.2,0,0,182,4,23,1020,112
2020-10-12,5.4,-0.2,8.9,0,0,263,7.6,26.6,1019.3,74
2020-10-13,6.1,1.5,10.9,0,0,3,4.7,16.6,1013.1,108
2020-10-14,5.3,1.9,8.2,0.1,0,299,8.6,28.4,1012.1,2
2020-10-15,7,4.1,8.7,5.7,0,358,5.4,27,1012.8,0
2020-10-16,8,5.7,10,3.2,0,12,11.2,29.5,1015.5,0
2020-10-17,6.6,5.2,8.7,0,0,337,5.4,11.9,1018.3,0
2020-10-18,6.4,2.6,10.7,0,0,304,6.1,19.8,1022.2,125
2020-10-19,6.6,2.3,10.9,0,0,99,7.6,23.4,1022.5,170
2020-10-20,6.3,-1.3,14.7,0,0,156,5,18,1017.1,317
2020-10-21,10.5,2.2,19.2,0,0,118,6.1,27.7,1012.2,202
2020-10-22,12.5,8.1,18.8,1,0,162,7.6,15.1,1016.6,272
2020-10-23,13.4,11.4,16.5,4,0,191,8.6,36.7,1014.4,11
2020-10-24,11.3,5.5,15,1.4,0,241,11.5,31.3,1016.7,142
2020-10-25,8.7,1.8,16,0,0,159,6.1,18,1009.9,553
2020-10-26,6.8,4.5,8.8,18.8,0,245,10.8,30.2,1006.3,0
2020-10-27,5.9,1.2,10.9,0.1,0,196,10.1,31.7,1012.2,184
2020-10-28,8.3,1.9,13.5,1.5,0,190,14,42.1,1014.6,123
2020-10-29,10,8.2,11.2,4.8,0,235,16.6,42.1,1019,6
2020-10-30,11,6.3,14.2,0,0,240,15.5,41,1023.4,5
2020-10-31,10.1,3.3,15.9,0,0,134,6.5,20.5,1022.9,476
2020-11-01,10.6,2.8,14.7,4,0,192,11.9,40,1019,0
2020-11-02,16.8,14.2,20.2,0,0,217,15.5,36.7,1016.7,169
2020-11-03,11.4,8.1,15.6,2.3,0,282,7.9,38.2,1022.8,0
2020-11-04,7.3,6.7,8.3,0.9,0,15,8.6,24.8,1029.7,0
2020-11-05,6.4,1.4,10.6,0,0,37,9,21.6,1035,68
2020-11-06,3.3,-0.2,5.7,0,0,79,9,20.5,1033.1,6
2020-11-07,3.9,3.1,5.2,0,0,136,5.8,14,1028.1,0
2020-11-08,4.5,1.8,10.4,0,0,75,5,13.7,1025.3,238
2020-11-09,4.2,2.8,6.5,0,0,114,5.8,14.8,1025.5,0
2020-11-10,3.7,2.4,5.2,0,0,91,5,11.2,1027.5,0
2020-11-11,5.8,4,7.5,0,0,108,6.5,16.2,1025.7,0
2020-11-12,8.3,4.7,13.4,0.1,0,177,9,29.2,1022,123
2020-11-13,7.7,4.1,13.3,0,0,150,7.2,20.9,1021.7,29
2020-11-14,8.9,1.8,15.5,0,0,132,6.5,15.5,1020.5,480
2020-11-15,7,0.8,14.4,1.8,0,143,8.6,23,1015.7,486
2020-11-16,8.9,5.1,11.9,0,0,236,14.8,42.5,1018.7,30
2020-11-17,7.6,2,11.2,0,0,219,9.7,24.8,1028.2,261
2020-11-18,4.6,-1.1,12.8,0,0,133,5,18.4,1027.1,498
2020-11-19,6.6,0.7,12.6,1.8,0,219,15.8,43.2,1023.9,58
2020-11-20,2.7,-3.5,5.2,0,0,320,8.6,31.3,1033.2,160
2020-11-21,-1.3,-5.5,4.9,0,0,98,4.7,17.6,1035,375
2020-11-22,0.3,-5.5,7.1,0,0,131,4.7,14.4,1029.6,428
2020-11-23,3.6,-0.4,6.1,0.4,0,154,4.7,15.8,1029.2,0
2020-11-24,4.2,2.2,5,0,0,103,9.4,25.2,1025.6,0
2020-11-25,0.6,-0.7,2.3,0,0,165,6.8,16.2,1022.7,0
2020-11-26,-0.6,-1.6,0.8,0,0,157,6.1,15.8,1024.4,0
2020-11-27,-0.9,-2.3,0.6,0,0,131,6.8,18.7,1022.5,0
2020-11-28,-1.1,-2.1,0,0,0,80,9.4,29.2,1021,0
2020-11-29,-0.6,-4.5,1.7,0,0,63,11.2,33.8,1023.8,184
2020-11-30,-3,-7.1,-0.7,2,0,209,6.8,27,1025.9,95
2020-12-01,-0.3,-3,1.9,3.5,10,155,5.8,21.2,1017.3,0
2020-12-02,-2.1,-4.2,-0.1,0.1,10,89,9,25.2,1016.2,0
2020-12-03,-1.7,-4.9,1.1,0,10,156,7.9,23,1006.6,41
2020-12-04,-2,-3.8,0.1,0,0,70,6.8,19.4,992.1,2
2020-12-05,-0.1,-4.9,1.7,0.3,0,57,5.8,20.9,998.6,0
2020-12-06,1.2,-0.9,3.3,0.5,0,280,7.2,19.1,998.1,0
2020-12-07,0.8,-0.5,2.1,0,0,260,7.2,23,1001.3,59
2020-12-08,0,-1.4,0.9,0,0,48,7.9,20.5,1002.4,0
2020-12-09,0.4,0.1,0.9,7.3,0,264,8.6,22.7,1007.9,0
2020-12-10,0.3,-0.4,0.8,0,20,43,4.7,16.6,1007.1,0
2020-12-11,-0.2,-3,1.1,0,0,123,7.6,23.8,1001.4,25
2020-12-12,2.2,-1,4.3,1,0,164,9,25.6,1000.3,0
2020-12-13,4,1.2,5.6,0.1,0,226,11.2,28.4,1011.9,0
2020-12-14,1.9,-1.5,6.5,0,0,137,6.5,18.7,1015,372
2020-12-15,2.1,0,4.3,0,0,101,5.8,16.6,1015.6,35
2020-12-16,2.8,0.5,7,0,0,89,6.1,18.4,1019.6,238
2020-12-17,2.3,-0.5,8.5,0,0,117,7.2,24.1,1024.5,226
2020-12-18,2.1,-1.6,6.7,0,0,81,6.1,15.1,1025.7,377
2020-12-19,-1.1,-1.6,-0.3,0,0,120,8.3,18.4,1023.4,0
2020-12-20,-1,-1.6,-0.2,0,0,127,7.2,16.9,1023.9,0
2020-12-21,3.2,-0.2,6.9,4.2,0,138,7.2,30.2,1023.4,11
2020-12-22,10.7,6.9,12.9,0.7,0,230,23,48.6,1018.2,0
2020-12-23,11.1,8.4,12.8,21,0,226,13,42.5,1014.8,0
2020-12-24,6.8,4.3,9.3,4.8,0,234,19.4,52.2,1010.7,46
2020-12-25,1.4,-0.5,4.4,0.3,0,305,14.4,40.3,1018,0
2020-12-26,-1.9,-5.5,1.7,0,0,236,8.6,25.2,1025,399
2020-12-27,-3.2,-6.4,-0.2,0,0,141,10.4,23,1003,139
2020-12-28,-0.5,-2.6,1.8,0.8,0,174,7.9,27,983.4,0
2020-12-29,2.5,-1,6.4,0,0,193,18.7,63.4,992.3,247
2020-12-30,0.6,-3.4,5.2,0,0,188,8.6,29.9,1004.6,328
2020-12-31,0,-4.4,4.3,0,0,159,8.3,24.1,1006.9,387
